खुले में शौच यानी बीमारियों को निमंत्रण,തുറന്ന മലമൂത്രവിസർജ്ജനം എന്നാൽ രോഗങ്ങളിലേക്കുള്ള ക്ഷണം എന്നാണ്
नाना पाटेकर एंग्री,നാന പട്ടേക്കർ ദേഷ്യം
यार,സുഹൃത്തേ
बड़ा भाई,വലിയ സഹോദരൻ
बेस्ट भाई,മികച്ച സഹോദരൻ
दोस्त,സുഹൃത്ത്
दोस्ती,സൗഹൃദം
यारी,യാരി
बॉडी,ശരീരം
चेस्ट,നെഞ്ച്
शुबरात्रि,ഗുഡ് നൈറ്റ്
रात्रि,രാത്രി
नींद,ഉറങ്ങുക
सोना,സ്വർണം
सपने,സ്വപ്നങ്ങൾ
मीठे सपने,മധുര സ്വപ്നങ്ങൾ
चाँद,ചന്ദ്രൻ
तारे,നക്ഷത്രങ്ങൾ
बकरी,ആട്
लेटना,കിടക്കുക
पार्टी,പാർട്ടി
कुशिया,കുസിയ
महोत्सव,ഉത്സവം
जशन,ജഷാൻ
जन्मदिन,ജന്മദിനം
मुबारक,സന്തോഷം
ब्रेकअप,ബ്രേക്ക്അപ്പ്
गुब्बारे,ബലൂണുകൾ
मज़्ज़े,ആസ്വദിക്കൂ
मस्ती,തമാശ
घूमना,കറങ്ങാൻ
मिलना,കണ്ടുമുട്ടാൻ
याद,ഓർമ്മിക്കുക
यादे,ഓർമ്മിക്കുക
कुत्ता,നായ
प्यार,സ്നേഹം
मिस,മിസ്
क्यूट,ക്യൂട്ട്
बाते,സംസാരിക്കുന്നു
काम,ജോലി
कुछ नई,പുതിയത്
हेल्लो,ഹലോ
नमस्ते,ഹലോ
बिजी,തിരക്കിലാണ്
किधर,എവിടെ
कहा,പറഞ്ഞു
क्यों,എന്തുകൊണ്ട്
जगह,സ്ഥലം
समय,സമയം
टाइम,സമയം
जाना,പോകാൻ
आना,വരാൻ
घुम,കറങ്ങുക
पता नहीं,അറിയില്ല
पास,സമീപം
मोहब्बत,സ്നേഹം
लव,സ്നേഹം
बेबी,കുഞ്ഞേ
जानू,തേൻ
दिल,ഹൃദയം
सुन्दर,സുന്ദരം
हैप्पी,സന്തോഷം
बर्थडे,ജന്മദിനം
केक,കേക്ക്
मॉम बत्ती,അമ്മ ലൈറ്റ്
कैंडल,മെഴുകുതിരി
गाना,ഗാനം
शुभप्रभात,സുപ്രഭാതം
सुप्रभात,സുപ്രഭാതം
दिन,ദിവസം
सुबह,രാവിലെ
सूरज,സൂര്യൻ
चाय,ചായ
उठना,എഴുന്നേൽക്കുക
गुड मॉर्निंग,സുപ്രഭാതം
बेस्ट,മികച്ചത്
गुड लक,ഗുഡ് ലക്ക്
परीक्षा,പരീക്ഷ
एग्जाम,പരീക്ഷ
टेस्ट,പരിശോധന
टॉप,മുകളിൽ
इम्तेहान,പരീക്ഷ
भाई,സഹോദരൻ
बेकार,വിലകെട്ട
गलत,തെറ്റാണ്
प्लान,പ്ലാൻ
सीन,സീൻ
आज,ഇന്ന്
हीरो,നായകൻ
ताकत,ശക്തി
जान,ജീവിതം
मुसीबत,കുഴപ്പം
माँ,അമ്മ
लाड़ली,പ്രിയ
ममता,അമ്മ
दुलार,കാരെസ്
माता,അമ്മ
खाना,ഭക്ഷണം
डिनर,അത്താഴം
मदर्स डे,മാതൃദിനം
लाडला,പ്രിയ
मम्मी,അമ്മ
लाडली,പ്രിയ
सुलाना,ഉറങ്ങുക
लोहरी,ലോഹ്രി
गोध,സെൻസ്
पंखा,ഫാൻ
हव्वा,ഹവ്വ
पढ़ाई,പഠനങ്ങൾ
सीखना,പഠനം
बताना,പറയാൻ
कपडे,വസ്ത്രങ്ങൾ
ठण्ड,തണുപ്പ്
बेस्ट माँ,മികച്ച അമ്മ
सबसे अच्छी माँ,മികച്ച അമ്മ
प्यारी माँ,പ്രിയ അമ്മ
सबसे अच्छी  माँ,മികച്ച അമ്മ
माँ का प्यार,അമ്മയുടെ സ്നേഹം
गोद,ലാപ്പ്
फूल,പൂക്കൾ
बेलन,റോളിംഗ് പിൻ
बैट,ബാറ്റ്
हवा,കാറ്റ്
दुनिया,ലോകം
बच्चा,കുഞ്ഞേ
खुशी,സന്തോഷം
नाश्ता,പ്രഭാതഭക്ഷണം
शब्द,വാക്കുകൾ
खत,കത്ത്
खुशकिस्मत,ഭാഗ്യം
पत्र,കത്ത്
लिखना,എഴുതാൻ
सबसे अच्छी,മികച്ചത്
कबार,കബാർ
बच्ची,പെൺകുട്ടി
सेल्फी,സെൽഫി
चित्र,ചിത്രം
सेल्फी की रानी,സെൽഫി രാജ്ഞി
रानी,രാജ്ഞി
फोतो,ഫോട്ടോ
कैमरा,ക്യാമറ
पोज़,പോസ്
रोम,റോം
नाओ,ഇപ്പോൾ
समुन्दर,കടൽ
उड़ना,പറക്കാൻ
चिड़िया,പക്ഷി
टाइटैनिक,ടൈറ്റാനിക്
सड़क,റോഡ്
गाडी,കാർ
सामान,സ്റ്റഫ്
हॉर्न,കൊമ്പ്
लड़की,പെൺകുട്ടി
छुरी काँटा,കത്തി നാൽക്കവല
दारू,മദ്യം
बियर,ബിയർ
पीना,കുടിക്കാൻ
रात,രാത്രി
शराब,വീഞ്ഞ്
ठेका,കരാർ
रास्ता,വഴി
देश,രാജ്യം
बैग,ബാഗ്
बर्गर,ബർഗറുകൾ
ऑरेंज ड्रिंक,ഓറഞ്ച് ഡ്രിങ്ക്
भूक,വിശപ്പ്
ढाबा,ധാബ
रेस्टोरेंट,റെസ്റ്റോറന്റ്
गाढ़ी,കട്ടിയുള്ളത്
आसमान,ആകാശം
बदल,മാറ്റുക
पंछी,പക്ഷികൾ
प्लेन,വിമാനം
राजा,രാജാവ്
सेल्फी का राजा,സെൽഫിയുടെ രാജാവ്
पेरिस,പാരീസ്
इफ्फेल टावर,ഈഫൽ ടവർ
फोटो,ഫോട്ടോ
लाल,ചുവപ്പ്
वाइन,വീഞ്ഞ്
लाल कपडे,ചുവന്ന വസ്ത്രങ്ങൾ
बार,ബാർ
नेटवर्क,നെറ്റ്‌വർക്ക്
पहाड़,പർവ്വതം
कनेक्शन,കണക്ഷൻ
फ़ोन,ഫോൺ
आई लव यू,ഞാൻ നിന്നെ സ്നേഹിക്കുന്നു
मोहोब्बत,സ്നേഹം
मैसेज,സന്ദേശം
किस,ചുംബനം
चुम्मा,ചുംബനം
गुलाब,റോസ്
तकिया,തലയിണ
गद्दा,കട്ടിൽ
बिस्तर,കിടക്ക
बेड,കിടക്ക
गुड नाईट,ഗുഡ് നൈറ്റ്
चप्पल,സ്ലിപ്പറുകൾ
तुमसे प्यार है,നിന്നെ സ്നേഹിക്കുന്നു
बहुत ज्यादा,വളരെയധികം
आशिकी,സ്നേഹം
हाई,ഹായ്
हाउ आर यू ?,സുഖമാണോ?
शादी शुदा,വിവാഹിതർ
ऑफिस,ഓഫീസ്
कंप्यूटर,കമ്പ്യൂട്ടർ
लैपटॉप,ലാപ്‌ടോപ്പ്
बर्फ,മഞ്ഞ്
चुटिया,പിഞ്ച് ചെയ്യുക
मंडे,തിങ്കളാഴ്ച
सोमवार,തിങ്കളാഴ്ച
रोना,കരയാൻ
परेशान,അസ്വസ്ഥത
लड़किया,പെൺകുട്ടികൾ
बराबरी,തുല്യമായി
हक,ശരി
पक्ष,വർഷം
देरी,കാലതാമസം
बॉस,ബോസ്
समेह,അതേ
तनख्वा,ശമ്പളം
खुसुर पुसुर,ഖുസൂർ പുസൂർ
कॉफ़ी,കോഫി
छोड़ना,പോകാൻ
तंग,ഇറുകിയത്
छोटू,ഷോർട്ടി
कैंटीन,കാന്റീൻ
सुट्टा,സുത്ത
बीड़ी,ബീഡി
तंबाकू,പുകയില
सिग्रेट,സിഗരറ്റ്
धुआँ,പുക
मैनेजर,മാനേജർ
टिफ़िन,ടിഫിൻ
खुशबू,സുഗന്ധം
दफ्तर,ഓഫീസ്
प्रेशर,സമ്മർദ്ദം
आखरी दिन,അവസാന ദിവസം
रैपर,റാപ്പർ
गायक,ഗായകൻ
पटोला,പട്ടോള
बोहेमिया,ബോഹെമിയ
वोडका,വോഡ്ക
हनी सिंग,തേൻ പാടുക
भागेगी,ഓടും
जैगुआर,ജാഗ്വാർ
बादशाह,രാജാവ്
दिल्ली,ദില്ലി
लंदन,ലണ്ടൻ
बजादु,ബജാട്
ज़ीउस,സ്യൂസ്
कंगना,കങ്കണ
र.डी.बी.,Rdb
सोनिया,സോണിയ
ढिशूम,ഡിഷൂം
बॉयफ्रेंड,കാമുകൻ
गर्लफ्रेंड,കാമുകിമാർ
मुटियारे,മുട്ടിയാരെ
गड्डी,ഡെക്ക്
जट्टिए,ജട്ടി
डी.ज.,ഡി.ജെ.
इंडियन,ഇന്ത്യൻ
सोनीया,സോണിയ
जेस्टर,ജെസ്റ്റർ
डिशूम,ഡിഷൂം
इमरान,ഇമ്രാൻ
गद्दी,പാഡിംഗ്
रोल्ला,റോള
इशारे,ആംഗ്യങ്ങൾ
ऑनलाइन,ഓൺ‌ലൈൻ
बात,കാര്യം
कॉल,വിളിക്കുക
गुस्सा,ദേഷ്യം
फ.बी.,എഫ്.ബി.
पसंद,ലൈക്കുകൾ
लाइक,ലൈക്ക്
कमेंट,അഭിപ്രായം
मोबाइल,മൊബൈൽ
स्मार्ट फ़ोन,സ്മാർട്ട്ഫോൺ
लड़का,പയ്യൻ
विफई,വൈഫൈ
डाटा,ഡാറ്റ
उदास,സങ്കടം
लोट्टा,ലോട്ട
शौचालय,ടോയ്‌ലറ്റ്
टॉयलेट,ടോയ്‌ലറ്റ്
पुस्तक,പുസ്തകം
नोट्स,കുറിപ്പുകൾ
नया,പുതിയത്
खरीदारी,ഷോപ്പിംഗ്
आर्डर,ഓർഡർ
चिलाना,ചവയ്ക്കാൻ
डरना,ഭയപ്പെടാൻ
नापसंद,അനിഷ്ടം
चौकना,അലേർട്ട് ചെയ്യാൻ
नाराज़,ദേഷ്യം
प्यारा,മനോഹരമായ
बाबू,ബാബു
शोना,ഷോന
जग जाओ,ഉണരുക
किस्मत,ഭാഗ്യം
अबे,അബെ
ओई,Oi
लेआउट,ലേ Layout ട്ട്
और आज का क्या सीन है,ഇന്നത്തെ രംഗം എന്താണ്
गिमिंग,ജിമ്മിംഗ്
सुपरस्टार,സൂപ്പർസ്റ്റാറുകൾ
पॉवर,പവർ
बची,ഇടത്
मम्मी की लाडो,മമ്മിയുടെ ലഡോ
मम्मी बेटी,അമ്മ മകൾ
मम्मा,മാമ
माँ क लड्डू,മാ ലദ്ദു
बेटा,മകൻ
दुलारा,വിലമതിക്കുന്നു
मेरा बच्चा,എന്റെ കുഞ്ഞ്
मुन्ना,ടോട്ട്
मुन्नी,മുന്നി
मेरी माँ,എന്റെ അമ്മ
गर्मी,വേനൽ
साड़ी,സാരി
सिखाना,പഠിപ്പിക്കാൻ
चुम्मी,ചുംബനം
आजा लाडो,ആജാ ലഡോ
मेरा प्यारा,എന്റെ മനോഹരമായ
लड्डू,ലഡ്ഡൂ
माँ के हाथ का खाना,അമ്മയുടെ കൈ ഭക്ഷണം
ठंडी,തണുപ്പ്
स्वेटर,സ്വെറ്റർ
प्यारी बच्ची,മധുരമുള്ള കുഞ്ഞ്
लडडू,ലഡ്ഡു
मेरी बेटी,എന്റെ മകൾ
झप्पी,ആലിംഗനം
में प्यारी  माँ,മധുരമുള്ള അമ്മ
दुलारी,ദുലാരി
आंखों का तारा,നേത്ര നക്ഷത്രം
आँखों का तारा,നേത്ര നക്ഷത്രം
बल्ला,ബാറ്റ്
सबसे प्यारा,ഏറ്റവും മനോഹരമായത്
टेस्टी,രുചിയുള്ള
माँ की गोदी,അമ്മയുടെ ഡോക്ക്
मेरा बेटा,എന്റെ മകൻ
सबसे ज्यादा स्वादिष्ठ,ഏറ്റവും രുചികരമായത്
खूबसूरत,സുന്ദരം
रफ़्तार,വേഗത
जुनून,അഭിനിവേശം
भूख,വിശപ്പ്
स्वादिष्ट,രുചികരമായ
नशा,ലഹരി
देसी दारू,ദേശി മദ്യം
गुमनाम,അജ്ഞാതൻ
घूम गए,അലഞ്ഞുതിരിഞ്ഞു
मदद,സഹായം
भूख लगी है,എനിക്ക് വിശക്കുന്നു
स्पीड,വേഗത
गेड़ी,കഴുത
लम्बा रास्ता,വളരെ ദൂരം
उड़ान,ഫ്ലൈറ്റ്
क्या यार,എന്ത് സുഹൃത്ത്
जंगल,വനം
केयर,പരിചരണം
फ़िक्र,പരിചരണം
औरत,സ്ത്രീ
छुट्टियां,അവധിദിനങ്ങൾ
मौसम,കാലാവസ്ഥ
मज़े,ആസ്വദിക്കൂ
थकान,ക്ഷീണം
बस बहुत हुआ,മതി
नहीं सहेंगे,സഹിക്കില്ല
सबको दिखा देंगे,എല്ലാവരേയും കാണിക്കും
हम किसी से कम नहीं,ഞങ്ങൾ എല്ലാവരിലും കുറവല്ല
सख्त,കർശനമാണ്
घडी,ക്ലോക്ക്
चित चाट,ചിറ്റ് ചാറ്റ്
वेट,ഭാരം
इंतेज़ार,കാത്തിരിക്കുക
मजबूरी,നിസ്സഹായത
चौड़,വിശാലമായ
टशन,തഷാൻ
रौला,റ ou ള
जलवे,ബേൺ ചെയ്യുക
भैया,സഹോദരൻ
सरदार,ചീഫ്
पाजी,കാഡ്
बल्ले बल्ले,ബാറ്റ് ബാറ്റ്
ब्रेक,ഇടവേള
टेंशन,പിരിമുറുക്കം
गप शप,ഗോസിപ്പ്
बखहद,ബഖാദ്
मोटा,കൊഴുപ്പ്
जुगाड़,ജുഗാദ്
हर चीज़ का तोड़,എല്ലാം തകർക്കുക
जोड़ना,ചേർക്കാൻ
लाइन,ലൈൻ
जॉइन,ചേരുക
सोफा,സോഫ
रिशवत,കൈക്കൂലി
ब्लैक मनी,കള്ളപ്പണം
पुलिस,പോലീസ്
नेता,നേതാവ്
पैसे,പണം
जुगाड़ू,ജുഗാട്
में  हू ना,ഞാനല്ല
हो जाएगा,ചെയ്യും
होजाएगा,ചെയ്യും
अरे सब होजाएगा,ഹേയ് എല്ലാം ചെയ്യും
चिंता,ആശങ്ക
सबकुछ,എല്ലാം
नो टेंशन,പിരിമുറുക്കമില്ല
दादा,മുത്തച്ഛൻ
गुंडा,പങ്ക്
रौब,റൗബ്
माल,സാധനങ്ങൾ
रुपये,പണം
कला धन,കലാ പണം
सलमान,സൽമാൻ
बीइंग ह्यूमन,മനുഷ്യനായിരിക്കുക
बहन,സഹോദരി
पहुंच,എത്തിച്ചേരുക
स्टाफ,സ്റ്റാഫ്
बाप,അച്ഛൻ
बोबबल,ബോബിൾ
पुष्पा,പുഷ്പ
दिल्लगी,ഫങ്കി
इश्क़,സ്നേഹം
दीवाना,ഭ്രാന്തൻ
रमेश,രമേശ്
लाइक्स,ഇഷ്‌ടങ്ങൾ
डांस,നൃത്തം
नाचो,നൃത്തം
दीवानी,അടിമ
स्टीकर,സ്റ്റിക്കർ
बोलो,സംസാരിക്കുക
चैटिंग,ചാറ്റിംഗ്
योगा,യോഗ
रामदेव,രാംദേവ്
आसन,സീറ്റ്
ठण्ड रख,ശാന്തമായിരിക്കുക
रियलिटी स्खस,റിയാലിറ്റി വീട്
लाइफ स्खस,ആയുസ്സ്
माता रानी,അമ്മ രാജ്ഞി
पाप,പാപം
नशा पसंद,മയക്കുമരുന്നിന് അടിമ
संत,വിശുദ്ധ
इनस्टॉल,ഇൻസ്റ്റാൾ ചെയ്യുക
पुण्य,പുണ്യം
योगी,യോഗി
माला,ഗാർലൻഡ്
हीरोपंती,ഹീറോപന്തി
लव नेचर,പ്രകൃതിയെ സ്നേഹിക്കുക
धरती माता,മാതൃഭൂമി
देसी,ദേശി
रम,റം
बधाई,അഭിനന്ദനങ്ങൾ
गुलदस्ता,പൂച്ചെണ്ട്
नमस्कार,ഹലോ
सवेरा,പ്രഭാതം
लक,ഭാഗ്യം
तकदीर,ഭാഗ്യം
आल द बेस्ट,എല്ലാ ആശംസകളും
धन्यवाद,നന്ദി
गुडमॉर्निंग,സുപ്രഭാതം
शुक्रिया,നന്ദി
हेल्प,സഹായം
रोज,ദിവസവും
राँझा,രഞ്ജ
हीर,Quintessence
सच्चा  प्यार,യഥാർത്ഥ സ്നേഹം
लव यू,നിന്നെ സ്നേഹിക്കുന്നു
मेरा दिल,എന്റെ ഹൃദയം
मैं तुमसे प्यार करता हूँ,ഞാൻ നിന്നെ സ്നേഹിക്കുന്നു
सिर्फ तुम,നിങ്ങൾ മാത്രം
डार्लिंग,ഡാർലിംഗ്
मेहबूबा,മെഹ്ബൂബ
मेरा दिल चुराया,എന്റെ ഹൃദയം മോഷ്ടിച്ചു
वेटिंग,കാത്തിരിക്കുന്നു
गले लगा लो,ആലിംഗനം
आई लव यू बेबी,ഐ ലവ് യു ബേബി
किश,കിഷ്
उम्माह,ഉമ്മ
कहाँ मिलोगे,നിങ്ങൾ എവിടെ സന്ദർശിക്കും?
प्रेमी,കാമുകൻ
वेटिंग फॉर यू,നിങ്ങൾക്കായി കാത്തിരിക്കുന്നു
भावुक,വൈകാരികം
मोबाइल खराब,മൊബൈൽ തകരാറുകൾ
नो नेटवर्क,നെറ്റ്‌വർക്കൊന്നുമില്ല
सिगनल,സിഗ്നൽ
शॉपिंग,ഷോപ്പിംഗ്
लड़ना,യുദ്ധം ചെയ്യാൻ
चालु,ശരി
फोन,ഫോൺ
स्मार्ट फोन,സ്മാർട്ട് ഫോൺ
पीछा,പിന്തുടരൽ
धोका,അപകടം
फर्रे,ഫാരെ
नो नेट,വലയില്ല
वाई फाई,Wi fi
लोटा,ലോട്ട
माइक,മൈക്ക്
गाने,പാട്ടുകൾ
धूप,സണ്ണി
छाता,കുട
पानी,വെള്ളം
ब्लू पानी,നീലവെള്ളം
समुद्र,കടൽ
संगीत,സംഗീതം
बुराई,തിന്മ
त्रिशूल,ത്രിശൂലം
आग,തീ
काऊबॉय,ക bo ബോയ്
सिगार,സിഗാർ
पुराने दिन,പഴയ ദിവസങ്ങൾ
सुनहरे दिन,സുവർണ്ണ ദിനങ്ങൾ
शुभ रात्रि,ഗുഡ് നൈറ്റ്
भू,ഭൂമി
झाड़ू,ചൂല്
भूत,പ്രേതം
डर,ഭയം
खौफ,വിസ്മയം
दर,നിരക്ക്
ड्रीमस,സ്വപ്നങ്ങൾ
टोपी,തൊപ്പി
घमंड,വീമ്പിളക്കുക
छड़ी,വടി
चश्मा,കണ്ണട
बड़ी टोपी,വലിയ തൊപ്പി
डरावना,ഭയപ്പെടുത്തുന്നു
हसी,ഹസി
काला,കറുപ്പ്
आज ब्लू है पानी,ഇന്ന് നീലവെള്ളമാണ്
क्यूंकि,കാരണം
घर,വീട്
आराम,ബാക്കിയുള്ളവ
पहले,ആദ്യം
इंतज़ार,കാത്തിരിക്കുക
बड़े लोग,പ്രായമായ ആളുകൾ
हथोड़ा,ചുറ്റിക
अकेले,ഒറ്റയ്ക്ക്
बढ़िया,നല്ലത്
चुटकुला,തമാശ
जोक,തമാശ
शांति,സമാധാനം
मज्जे,മാജെ
मार्क्स,മാർക്സ്
योजना,പദ്ധതി
फॉर्मल,.പചാരികം
टाई,ടൈ
कुशी,എത്യോപ്യൻ
भागना,പ്രവർത്തിപ്പിക്കാൻ
विशवास,വിശ്വാസം
जादू,മാജിക്
टोना,മന്ത്രവാദം
चुड़ैल,മന്ത്രവാദി
उल्लू,മൂങ്ങ
रुकना,നിർത്താൻ
रोकना,നിർത്താൻ
विचार,ആശയം
जोकर,കോമാളി
हसना,ചിരിക്കാൻ
हसाना,ചിരിക്കാൻ
बनाया,നിർമ്മിച്ചത്
बन्दूक,ഷോട്ട്ഗൺ
गोली,ഗുളിക
विष्वास,വിശ്വാസം
उंगली,വിരൽ
चिड़ाना,കളിയാക്കാൻ
झूट,നുണ
सचाई,സത്യം
पागल,ഭ്രാന്തൻ
हैरोज़,വീരന്മാർ
गल्ले,ആട്ടിൻകൂട്ടം
हाथ,കൈകൾ
गिनती,എണ്ണം
अंक,നമ്പർ
जीत,വിജയം
दोबारा,വീണ്ടും
बेज़त्ती,ബെസാട്ടി
एक,ഒന്ന്
दिमाग,തലച്ചോറ്
कुछ नहीं,ഒന്നുമില്ല
गोला,ഗോളം
बेजत्ती,ബെസ്സി
किसी पर नहीं,ആരുമില്ല
क्रॉस,കുരിശ്
फटे कपडे,കീറിയ വസ്ത്രങ്ങൾ
दाढ़ी,താടി
खून,രക്തം
अकल,ജ്ഞാനം
भोजन,ഭക്ഷണം
दरवाज़ा,വാതിൽ
खोलो,തുറക്കുക
जरुरत,ആവശ്യം
निनी,നിനി
तागत,കരുത്ത്
बूट्स,ബൂട്ട്
ब्लैक,കറുപ്പ്
नाप,അളക്കുക
पॉपकॉर्न,പോപ്‌കോൺ
टी.वी.,ടിവി
मैच,മത്സരം
क्रिकेट,ക്രിക്കറ്റ്
आउट,.ട്ട്
गया,ഗയ
टी.वि.,ടി.വി.
स्कोर,സ്കോർ
रन,പ്രവർത്തിപ്പിക്കുക
इंडिया,ഇന്ത്യ
बॉल,പന്ത്
आखरी,അവസാനത്തേത്
बेटिंग,വാതുവയ്പ്പ്
जुआ,ചൂതാട്ടം
कुछ भी,എന്തും
बोल्ड,ബോൾഡ്
गालिया,അധിക്ഷേപം
अशब्द,വാക്ക്
फिक्स,പരിഹരിക്കുക
कमेंटेटर,കമന്റേറ്റർ
समाचार,വാർത്ത
मार,കൊല്ലുക
जोश,അഭിനിവേശം
तांग,ടാങ്
मैन,മനുഷ്യൻ
ट्रॉफी,ട്രോഫി
टोली,ടീം
झंडा,പതാക
चीयर गर्ल,സന്തോഷവതിയായ പെൺകുട്ടി
बेंट,വളഞ്ഞു
खेलो,പ്ലേ ചെയ്യുക
फॉर फ्रंट,മുന്നിൽ
खेलना,കളിക്കാൻ
ओड,വിചിത്രമായത്
इवन,പോലും
पूछना,ചോദിക്കാൻ
सबको,എല്ലാവർക്കും
हराएगा,തോൽപ്പിക്കും
लौंडे,ധ്രുവങ്ങൾ
दिल लाल जोर,ദിൽ റെഡ് ജോർ
दिल दिल्ली दिलसे,ദിൽ ഡെൽഹി ഡിൽസ്
खान,ഖാൻ
बावर्ची,കുക്ക്
स्वादिष्ठ,രുചികരമായ
परोसना,സേവിക്കാൻ
प्लेट,പ്ലേറ്റ്
नमक,ഉപ്പ്
स्वाद,രുചി
धमाका,ബാംഗ്
करछी,സ്ക്രാമ്പിൾ
लप लपाये,കണ്ടുപിടിക്കുക
छुरी कांटा,കത്തി നാൽക്കവല
चमच्च,സ്പൂൺ
साथ,കൂടെ
पहला,ആദ്യത്തേത്
चक,ചക്ക്
बनाना,നിർമ്മിക്കാൻ
ज़िन्दगी,ജീവിതം
मालिक,ഉടമ
सर्कार,തരം
दादागिरी,ദാദഗിരി
दबाना,അമർത്താൻ
गन,തോക്ക്
रिश्ता,ബന്ധം
सत्ता,ശക്തി
भाग,ഭാഗം
नौकर,ദാസൻ
चमचागिरी,ചാംചഗിരി
रविवार,ഞായറാഴ്ച
स्टीव जॉब्स,സ്റ്റീവ് ജോലികൾ
नो जॉब,ജോലിയില്ല
नो मनी,പണമില്ല
पैसा,പണം
बड़ा,വലിയ
कुश्ती,ഗുസ്തി
बॉक्सिंग,ബോക്സിംഗ്
नौकरी,ജോലി
कंपनी,കമ്പനി
छोड़ दूंगा,പോകും
नहीं करनी,അല്ല
कमाना,സമ്പാദിക്കുക
जीतना,വിജയിക്കാൻ
इनाम,പ്രതിഫലം
मनी,പണം
धन,പണം
सैलरी,ശമ്പളം
अमीर,സമ്പന്നൻ
तबियत,ആരോഗ്യം
आदमी,മനുഷ്യൻ
ऊपर,മുകളിലേക്ക്
ऊंचाई,ഉയരം
चढ़ गयी,കയറി
खाओ,തിന്നുക
सो,അതിനാൽ
दुबारा,വീണ്ടും
करो,ചെയ്യൂ
कमाओ,സമ്പാദിക്കുക
ख्याल,പരിചരണം
बल्ब,ബൾബ്
रौशनी,പ്രകാശം
बचाओ,സംരക്ഷിക്കുക
बचाएगा,സംരക്ഷിക്കും
ग्राफ,ഗ്രാഫ്
मनी की तरफ,പണത്തിന്റെ ഭാഗത്ത്
दयान,ദയാൻ
तीर,അമ്പടയാളം
बीच में,നടുവിൽ
होली,ഹോളി
रंग,നിറം
त्योहार,ഉത്സവം
पिचकारी,ആറ്റോമൈസർ
अब तो तू गया,നിങ്ങൾ ഇപ്പോൾ പോയി
बुरा ना  मनो होली है,മോശം നാ മനോ ഹോളി ഹായ്
रंगूंगी,രംഗുങ്കി
चुन चुन के,ചുൻ ചുൻ കെ
भांग,കഞ്ചാവ്
दूध,പാൽ
कब है होली,എപ്പോഴാണ് ഹോളി
कह के मारूंगा,ഞാൻ കൊല്ലുമെന്ന് പറഞ്ഞു
तेरा क्या होगा,നിങ്ങൾക്ക് എന്ത് സംഭവിക്കും
मतलबी,ശരാശരി
चश्मिश,കണ്ണട
मेक अप,മേക്കപ്പ്
सजावट,അലങ്കാരം
सुंदरता,സൗന്ദര്യം
हसना मज़ाक उड़ाना,തമാശ ചിരിക്കുക
मैं हूँ ना,ഞാൻ പറഞ്ഞത് ശരിയാണ്
बुरा ना मानो होली है,ഹോളി കാര്യമാക്കേണ്ടതില്ല
चलो होली खेलते है,നമുക്ക് ഹോളി കളിക്കാം
अब तोह तू गया,ഇപ്പോൾ നിങ്ങൾ പോയി
चुन चुन के मरूंगी,ചുൻ ചുൻ കെ മരുങ്കി
दारु,മദ്യം
चढ़ाना,പ്ലേറ്റിംഗ്
गिलास,ഗ്ലാസ്
गब्बर,ഗബ്ബാർ
कह के मरूंगा,ഞാൻ മരിക്കും എന്ന് പറഞ്ഞു
मुश्किल,ബുദ്ധിമുട്ടുള്ളത്
समझादे,അത് വിശദീകരിക്കുക
एग्जाम टाइम,പരീക്ഷാ സമയം
पढ़ादे,വായിക്കുക
फर्रे बना रहा हु,ഒരു ഫാരെ ഉണ്ടാക്കുന്നു
कागज,പേപ്പർ
भगवान,ദേവൻ
फेल,പരാജയപ്പെട്ടു
पूजा,ആരാധന
प्रार्थना,പ്രാർത്ഥന
बस 5 मिनट और,5 മിനിറ്റ് കൂടി
आंसर शीट,ഉത്തരക്കടലാസ്
प्रशन,ചോദ്യം
उत्तर,ഉത്തരം
एक्स्ट्रा टाइम,അധിക സമയം
सबसे उप्पर,എല്ലാറ്റിനുമുപരിയായി
अचे मार्क्स,നല്ല മാർക്ക്
रिजल्ट,ഫലം
तेरा कितना हुआ,നിങ്ങളുടെ എത്രയാണ്
कोर्स,കോഴ്സ്
सिलेबस,സിലബസ്
पक्का फेल,തീർച്ചയായും പരാജയപ്പെടും
हार मानता हु,ഉപേക്ഷിക്കുക
लाल झंडा,ചുവന്ന പതാക
बता दियो यार,സുഹൃത്തേ പറയൂ
आंसर,ഉത്തരം
अच्छा करना,നന്നായി ചെയ്യാൻ
बढ़िया करना,പിഴ
शुभ कामनाये,ഗുഡ് ലക്ക്
भगवान्,ദേവൻ
चमत्कार,അത്ഭുതം
खतरनाक,അപകടകരമാണ്
सरकार,സർക്കാർ
आलस,അലസത
अलसी,ചണവിത്ത്
बुढ़ापा,വാർദ്ധക്യം
उम्र,പ്രായം
ओल्ड,പഴയത്
बघवान,ബാഗ്വാൻ
इंसान,മനുഷ്യർ
आमना,മുഖാമുഖം
सामना,മുഖം
भक्त,ഭക്തൻ
नाशवान,നശിച്ചുപോകും
लेक्स लुथोर,ലെക്സ് ലൂതർ
डी.सी.,ഡി.സി.
दिमाग खराब,മോശം മനസ്സ്
हिल्ला हुआ,കുലുങ്ങി
सनकी,ഫ്രീക്ക്
लोइस लेन,ലോയിസ് ലെയ്ൻ
क्लार्क केंट,ക്ലാർക്ക് കെന്റ്
सुपरमैन,സൂപ്പർമാൻ
महा आदमी,വലിയ മനുഷ്യൻ
झुक जाओ,നമസ്‌കരിക്കുക
निचे रहो,ഇറങ്ങുക
हार मान लो,ഉപേക്ഷിക്കുക
ब्रूस वेन,ബ്രൂസ് വെയ്ൻ
बैटमैन,ബാറ്റ്മാൻ
चमकाडर आदमी,തിളക്കമുള്ള മനുഷ്യൻ
तुम्हारे साथ है,നിങ്ങളോടൊപ്പമുണ്ട്
वंडर वुमन,വണ്ടർ വുമൺ
तलवार,വാൾ
कवच,കവചം
डायना,ഡയാന
लोगो को साथ लाना पसंद है,ആളുകളെ കൊണ്ടുവരാൻ ഇഷ്ടപ്പെടുന്നു
इखट्टा,ഇക്ത
क्या वह तुम्हारे साथ है,അവൻ നിങ്ങളോടൊപ്പമുണ്ടോ?
सुपर मैन,സൂപ്പർ മാൻ
उम्मीद,പ്രതീക്ഷിക്കുക
इशारा,സൂചന
क्या तुम्हारा खून निकलता है,നിങ്ങൾ രക്തസ്രാവമുണ്ടോ?
मत्त डल्लो,മാറ്റ് ഡാലോ
गीली,നനഞ്ഞ
मिठाई,മധുരപലഹാരങ്ങൾ
माल पुए,പണമടച്ച സാധനങ്ങൾ
ढोल,ഡ്രം
खेलते है,നമുക്ക് കളിക്കാം
कहा छुपाया है,നിങ്ങൾ എവിടെയാണ് ഒളിച്ചിരിക്കുന്നത്
होली है,ഇത് ഹോളി ആണ്
भाभी को बहार निकालो,സഹോദരിയെ എടുക്കുക
बलम पिचकारी,ബാലം പിച്ച്കാരി
बड़े जोश में हो,ആവേശഭരിതനായിരിക്കുക
आज ना छोडूंगा,ഞാൻ ഇന്ന് പോകില്ല
फोड़ दूंगा,തകർക്കും
कहाँ छुपाया है,എവിടെ ഒളിപ്പിച്ചു
बाल्टी,ബക്കറ്റ്
मेरी पिचकारी पकड़ो,എന്റെ കുപ്പായം പിടിക്കുക
थोड़ा रंग दे ना,എനിക്ക് കുറച്ച് നിറം തരൂ
देख भाई,സഹോദരനെ കാണുക
कह के लेंगे,പറയും
मरेंगे,മരിക്കും
देख बहन,സഹോദരിയെ കാണുക
बंदा,സഹ
बी.ऍफ़.,ബി.എഫ്.
फोन उठा,ഫോൺ എടുക്കുക
मेरे लगेंगे,ഞാൻ എടുക്കും
में अपनी फेवरेट हूँ,ഞാൻ എന്റെ പ്രിയപ്പെട്ടവനാണ്
अपने आप को,നിങ്ങൾ തന്നെ
देख बे,ബേ കാണുക
बकचोदी,ഉല്ലാസം
मत कर,അത് ചെയ്യരുത്
मूड खराब है,മാനസികാവസ്ഥ മോശമാണ്
मुक्का,പഞ്ച്
पसंद करो,ഇഷ്ടപ്പെടുന്നു
बट्टो,ബാറ്റോ
मज़्ज़े करो,ആസ്വദിക്കൂ
मेहनत,കഠിനാധ്വാനം
जल मत,കത്തിക്കരുത്
जलन,അസൂയ
सेहत,ആരോഗ്യം
अच्छा नहीं हु,നല്ലതല്ല
देख पगली,ദേഖ് പഗ്ലി
ऐसे न देख,ഇതുപോലെ കാണരുത്
प्यार हो जायेगा,പ്രണയത്തിലാകും
तुमसे ना हो पायेगा,നിങ്ങൾക്ക് കഴിയില്ല
फत्तू,ഫട്ടു
घूमाना,കറങ്ങാൻ
ट्रेवल,യാത്ര
ध्यान से जाना,ശ്രദ്ധാപൂർവ്വം പോകുക
घुमाना,സ്പിൻ
साइकिल,സൈക്കിൾ
दुनिया हमारी है,ലോകം നമ്മുടേതാണ്
समह,എല്ലാം
गेटवे,ഗേറ്റ്‌വേ
चलो कहीं खोह जाये,നമുക്ക് എവിടെയെങ്കിലും പോകാം
अमेरिका,അമേരിക്ക
ट्रेवल घूमना,യാത്ര നടത്തം
वेकेशन,അവധിക്കാലം
छुटियाँ,അവധിദിനങ്ങൾ
ट्रिप,യാത്ര
सामान बांधो,സ്റ്റഫ് കെട്ടുക
बहार,വസന്തകാലം
बहार साथ चलोगे,ഒരുമിച്ച് പുറത്തുപോകും
घूमने साथ चलोगे,നിങ്ങൾ ഒരുമിച്ച് നടക്കുമോ?
चलो दुनिया देखे,നമുക്ക് ലോകം കാണാം
मैप,മാപ്പ്
देसी चाय,ദേശി ടീ
चाह,ആശംസിക്കുന്നു
बर्तन,പാത്രം
कप,കപ്പ്
मसाला चाय,മസാല ടീ
मसाला,സുഗന്ധവ്യഞ്ജനങ്ങൾ
खोके की चाय,ഖോയ ചായ
पत्ते,ഇലകൾ
खोका,കത്തി
गांजा,ചെമ്മീൻ
अफीम,പോപ്പി
चरस,ഹാഷിഷ്
कड़क चाय,ഹാർഡ് ടീ
बढ़िया चाय,നല്ല ചായ
मस्त चाय,തണുത്ത ചായ
गरम चाय,ചൂടുള്ള ചായ
हाई चाय,ഉയർന്ന ചായ
चाय शये,ടീ ടീ
सुबह की चाय,രാവിലെ ചായ
चाय पार्टी,ടീ പാർട്ടി
कटिंग चाय,ചായ മുറിക്കുന്നു
बहार की चाय,സ്പ്രിംഗ് ടീ
सड़क की चाय,സ്ട്രീറ്റ് ടീ
कटिंग वाली चाय,ചായ മുറിക്കുന്നു
चाय सुट्टा,ചായ സുത്ത
और,പിന്നെ
बारिश,മഴ
बरसात,മഴ
पकोरा,പക്കോറ
पकोड़े,ഫ്രിറ്ററുകൾ
चाय की चुस्की,ചായക്കപ്പ്
चुस्किआ,ചുസ്കിയ
सिप,സിപ്പ്
समोसा,സമോസ
आलू,ഉരുളക്കിഴങ്ങ്
चाय समोसा,ടീ സമോസ
में हूँ औरत,ഞാൻ സ്ത്രീയാണ്
लड़कियाँ,പെൺകുട്ടികൾ
आंटी,അമ്മായി
औरतें,സ്ത്രീകൾ
खाना बनाना,പാചകം ചെയ്യാൻ
खाना पकाना,ഭക്ഷണം പാചകം ചെയ്യുന്നു
कसरत,ഒരു വ്യായാമം
पढ़ना,വായന
में हूँ घरवाली,ഞാൻ ഒരു വീട്ടമ്മയാണ്
घरवाली,വീട്ടമ്മ
घर की पत्नी,വീട്ടിലെ ഭാര്യ
सफाई,ശുചിത്വം
अध्यापक,ടീച്ചർ
पढ़ाना,പഠിപ്പിക്കാൻ
किताब,പുസ്തകം
अध्यापिका,ടീച്ചർ
ब्लैक बोर्ड,കറുത്ത ബോർഡ്
विजेता,വിജയി
विजय,വിജയം
टेनिस,ടെന്നീസ്
राक्वेट,റാക്കറ്റ്
नेट,നെറ്റ്
मालकिन,യജമാനത്തി
हक़,വലത്
अम्मा,അമ്മ
बच्चे,കുട്ടികൾ
खिलोने,ബ്ലൂം
घूमने वाली,കറങ്ങുന്നു
पहाड़ चढ़ना,മലകയറ്റം
सिपाही,പട്ടാളക്കാരൻ
आर्मी,സൈന്യം
सेना,സൈന്യം
रैफेल,റാഫേൽ
जवान,ചെറുപ്പക്കാരൻ
प्रेरणा,പ്രചോദനം
योग,യോഗ
व्यायाम,വ്യായാമം
रुको,പിടിക്കുക
रुकवाना,നിർത്താൻ
चिन्ह,ചിഹ്നം
सड़क चिन्ह,റോഡ് ചിഹ്നം
बाते बंद,സംസാരിക്കുക
चलने दो,പോകട്ടെ
बेताब,നിരാശയുള്ള
बेचैन,അസ്വസ്ഥത
मरीज़,രോഗി
हस्पताल,ആശുപത്രി
एक्सीडेंट,അപകടം
हादसा,അപകടം
सीट बेल्ट,സീറ്റ് ബെൽറ്റ്
लगाओ,പ്രയോഗിക്കുക
बांधो,കെട്ടുക
कस्सो,ശ്ശോ
सेफ ड्राइविंग,സുരക്ഷിതമായ ഡ്രൈവിംഗ്
अँधा,അന്ധൻ
पार,അപ്പുറം
डेट,തീയതി
ब्लाइंड डेट,അന്ധമായ തീയതി
तेज़्ज़ी सीमा,ആസിഡ് പരിധി
स्पीड लिमिट,വേഗത പരിധി
चालीस,നാൽപത്
तेज़ नहीं,വേഗത്തിലല്ല
हाईवे,ഹൈവേ
रनवे नहीं,റൺവേ ഇല്ല
ड्राइविंग,ഡ്രൈവിംഗ്
आवाज़,ശബ്ദം
सोना नहीं,ഉറങ്ങരുത്
पीप पीप,പഴുപ്പ് പഴുപ്പ്
व्हिस्की,വിസ്കി
ड्राइविंग नहीं,ഡ്രൈവിംഗ് അല്ല
पी के मत चलाओ,Pk ഓടിക്കരുത്
आदमी काम पे,ജോലിസ്ഥലത്ത് മനുഷ്യൻ
निर्माण,നിർമ്മാണം
निर्माण की तरफ,നിർമ്മാണ വർഷം
अगर तुम्हे पता है में क्या कहे रहा हु,ഞാൻ എന്താണ് പറയുന്നതെന്ന് നിങ്ങൾക്കറിയാമെങ്കിൽ
समझदार को इशारा,വിവേകപൂർണ്ണമായ ആംഗ്യം
समझे,മനസ്സിലാക്കുക
मुझे नहीं पता,എനിക്കറിയില്ല
में क्या कर रहा हु,ഞാൻ എന്താണ് ചെയ്യുന്നത്
दफक,ഡാഫക്
क्या,എന്ത്
समझ नहीं आया,മനസ്സിലായില്ല
शर्लाक,ഷെർലോക്ക്
बेनेडिक्ट,ബെനഡിക്റ്റ്
कम्बरबैच,കംബർബാച്ച്
सम्भालो,ശ്രദ്ധിക്കുക
तैयार हो जाओ,തയ്യാറാകൂ
क्यों नहीं,എന്തുകൊണ്ട്
नहीं कर सकते क्या,നിങ്ങൾക്ക് കഴിയില്ല
कुर्सी,കസേര
पढाई नहीं करी,പഠിച്ചില്ല
पास हो गया,കഴിഞ്ഞു
अचे अंक आये,നല്ല മാർക്ക് വരുന്നു
में हु रत्तू,ഞാൻ റാട്ടു
अजीब,വിചിത്രമായത്
स्पार्टा,സ്പാർട്ട
मारना,കൊല്ലാൻ
शांत रहो,ശാന്തത പാലിക്കുക
कर्म करो,പ്രവൃത്തികൾ ചെയ്യുക
बढ़ते चलो,വളരുക
क्या चल रहा है,വാട്ട്സ് അപ്പ്
इधर,ഇവിടെ
समझाओ,വിശദീകരിക്കുക
ढूंढूंगा,കണ്ടെത്തും
मारूंगा,കൊല്ലും
फ्रेंड जोन,ചങ്ങാതി മേഖല
बहाने नहीं,ഒഴികഴിവുകളൊന്നുമില്ല
बहाने बाज़ी,പ്രിടെക്സ്റ്റ്
सच,സത്യം
प्रीच इट,അത് പ്രസംഗിക്കുക
प्रीचिंग,പ്രസംഗിക്കുന്നു
पहले भी,മുമ്പും
बेवक़ूफ़,ബുദ്ധിശൂന്യമായ
एलियंस,ഏലിയൻസ്
अंतरिक्षवासी,സ്പേസ്മാൻ
बहार क लोग,പുറത്തുള്ള ആളുകൾ
फिरंगी,ഫിറംഗി
मौका मौका,അവസരം
खेल,കളി
विकेट,വിക്കറ്റ്
किल्ली,കീ
बदला,പ്രതികാരം
हार जीत,വിജയം നേടുക
नीला,നീല
ब्लू,നീല
ब्लीड ब्लू,ബ്ലീഡ് ബ്ലൂ
दुनिया रंगदो नीले  से,ലോകത്തിന്റെ രണ്ട് ഷേഡുകൾ
कोहली,കോഹ്‌ലി
विराट खोली,വിശാലമായി തുറന്നു
विराट,വിരാട്
बी.सी.,ബി.സി.
हार,മാല
नाचना,നൃത്തം ചെയ്യാൻ
गेल,ഗെയ്ൽ
करिस गेल,കരിസ് ഗെയ്ൽ
शांत,ശാന്തം
सो खाओ दुबारा तकिया,ഉറക്കം വീണ്ടും തലയിണ കഴിക്കുക
धोनी,ധോണി
माही,മാഹി
एम. इस. धोनी,എം 
कप्तान,ക്യാപ്റ്റൻ
धवन,ധവാൻ
इकलौता,മാത്രം
बैट्समैन,ബാറ്റ്സ്മാൻ
दे घुमाके,തിരിയുക
छक्का,ആറ്
चौक्का,സ്ക്വയർ
उत्साह,ഉത്സാഹം
दो,രണ്ട്
तीन,മൂന്ന്
चार,നാല്
चीयर लीडर,ചിയർ ലീഡർ
आये,എത്തി
मज़्ज़ा,മസ്സ
लुंगी,ലുങ്കി
डिपर,ഡിപ്പർ
इस्तेमाल,ഉപയോഗിച്ചു
लाइट,പ്രകാശം
हेड लाइट,ഹെഡ് ലൈറ്റ്
आगे की लाइट,ഫ്രണ്ട് ലൈറ്റ്
टोर्च,ടോർച്ച്
बुरी नज़र वाले,ദുഷിച്ച കണ്ണ്
तेरा मुह काला,നിങ്ങളുടെ വായ കറുത്തതാണ്
कला,കല
मुह,വായ
थोप,ചുമത്തുക
पोत,പാത്രം
बुरुश,ബുറുഷ്
शादी,കല്യാണം
नचाओ,നൃത്തം
देदो,കൊടുക്കുക
सुना,കേട്ടു
सुनाई नहीं दिया,കേട്ടിട്ടില്ല
तेज़्ज़ बोल,തേസ് ബോൾ
सब बढ़िया है,എല്ലാം നന്നായി
आल इज़ वेल,എല്ലാം നന്നായി
झाडिया,ജാദിയ
पत्थर,കല്ല്
गाडी चलाना,ഡ്രൈവ് ചെയ്യുക
है मत,ഇല്ല
हस्सी तो फास्सी,ഹാസ്സി ടു ഫാസി
जलता हुआ,കത്തുന്ന
दुआ,അനുഗ്രഹങ്ങൾ
भूमि,ദേശം
ओ,ഒ
हैरान,ഞെട്ടിപ്പോയി
अचरज,ആശ്ചര്യപ്പെടുത്തുന്നു
मस्त,അടിപൊളി
हम्म,ഉം
सोचना,ചിന്തിക്കാൻ
जवाब,ഉത്തരം
सोच,ചിന്തിക്കുക
हे भगवान्,ദൈവമേ
भोचक्का,മണ്ടൻ
बकवास,മാലിന്യങ്ങൾ
फ़क,വ്യത്യാസം
हल्क,ഹൾക്ക്
हरा,പച്ച
ताकतवर,വീരന്മാർ
बुरी,മോശം
अँधेरा,ഇരുണ്ടത്
नरक,നരകം
मुआह,വാത്സല്യം
कमाल,അതിശയകരമായത്
झक्कास,തമാശ
गल्ले लग्न,ഗാലോപ്പിംഗ് ലഗ്ന
हग,ഹാഗ്
मरना,മരിക്കാൻ
मर गया,മരിച്ചു
मारा हुआ,കൊല്ലപ്പെട്ടു
म्रित्यु,മരണം
सतरंगी,നീല നിറം
लोल,Lol
हाहा,ഹാ
गरम,ചൂട്
सड़ता हुआ,ചീഞ്ഞ
पारी,ഷിഫ്റ്റ്
स्वर्ग,സ്വർഗ്ഗം
आ,വരൂ
तबाही,നാശം
विनती,അഭ്യർത്ഥിക്കുക
पप्पी,പപ്പി
मासूम शकल,നിരപരാധിയായ മുഖം
फचा,മടക്കിക്കളയുക
केजरीवाल,കെജ്‌രിവാൾ
उठाये,എടുക്കുക
फंडिंग,ധനസഹായം
रुपए,പണം
आई आई टी,ഐ.ഐ.ടി.
कॉलेज,കോളേജ്
स्टूडेंट,വിദ്യാർത്ഥി
छात्र,വിദ്യാർത്ഥി
पढाई,പഠനങ്ങൾ
चेतन,ബോധം
भगत,ഭഗത്
पत्ता,വിലാസം
नॉवेलिस्ट,നോവലിസ്റ്റ്
ीत,ीत
कैसा है,എങ്ങനെ
पढ़ाकू,വാശിയേറിയ
हाल चाल,സമീപകാല ട്രിക്ക്
अकल्मन्द,ബുദ്ധിമാൻ
एकदम स्मार्ट,അത്ര മിടുക്കൻ
स्मार्ट,സ്മാർട്ട്
ज्ञानी,അറിവുള്ള
केमिस्ट्री,രസതന്ത്രം
सफेद कोट,വെളുത്ത കോട്ട്
क्या बात,എന്ത് കാര്യം
मंगल,ചൊവ്വ
शिकारी,വേട്ടക്കാരൻ
शिकार,വേട്ട
चाचा,അങ്കിൾ
कसम,ഞാൻ സത്യം ചെയ്യുന്നു
पहलवान,ഗുസ്തി
चौड़ा,വിശാലമായ
नाच,നൃത്തം
नचवाना,നൃത്തം ചെയ്യാൻ
मार खायेगा,കൊല്ലും
पिटाई,അടിക്കുന്നു
लड़ाई,പോരാട്ടം
मरूंगी,മരിക്കും
अच्छी,കൊള്ളാം
समझदार,സെൻസിബിൾ
शुशील,സുശീൽ
स्कूल,സ്കൂൾ
विद्यालय,സ്കൂൾ
नहीं जाना,പോകരുത്
भागता किधर है,അവൻ എവിടെയാണ് ഓടുന്നത്
भागता,പ്രവർത്തിക്കുന്നു
फ्रेंडज़ोन,ഫ്രണ്ട്സോൺ
राधा,രാധ
समः,പോലും
कृष्ण,കൃഷ്ണ
बदलेकि भावना,മോശം വികാരം
मां,അമ്മ
कंस,കൻസ
अप्सरा,നിംഫ്
सब बढ़िया,എല്ലാം നല്ലതാണ്
अच्छा,നല്ലത്
चोर,കള്ളൻ
भागो,ഓടിപ്പോകുക
चौधरी,ചൗധരി
पगड़ी,തലപ്പാവ്
मुच्,വളരെയധികം
डरो मत,ഭയപ്പെടേണ്ട
में आ गया,ഞാൻ എത്തി
लडू,ലഡൂ
चुटकी,ഒരു നുള്ള്
षड्यंत्र,ഗൂ cy ാലോചന
राजकुमारी,രാജകുമാരി
ज़ेवर,ആഭരണങ്ങൾ
कलंदर,കലണ്ടർ
बन्दर,കുരങ്ങൻ
भीम,ഭീം
नीला बन्दर,നീല കുരങ്ങൻ
छोटी,ചെറുത്
नीले कपडे,നീല വസ്ത്രങ്ങൾ
भोलू,ഭോലു
ढोलू,ഡ്രം
गांव,ഗ്രാമം
सब के लिए,എല്ലാവർക്കും
कार्टून,കാർട്ടൂൺ
बहादुर,ധീരൻ
दोस्तों,സുഹൃത്തുക്കൾ
क्या हाल है,സുഖമാണോ
चड्डी,ടൈറ്റ്സ്
राजू,രാജു
में हु राजा,ഞാൻ രാജാവാണ്
महँ,ഞാൻ
जय हो,ആലിപ്പഴം
मुकुट,കിരീടം
रोटी,ബ്രെഡ്
वापस लाओ,തിരികെ കൊണ്ടുവരിക
गल्ले लगजा,എന്നെ കെട്ടിപ്പിടിക്കുക
कालिया,കാലിയ
तीसरी,മൂന്നാമത്തേത്
आँख,കണ്ണ്
खुल,തുറക്കുക
कैर्री,വഹിക്കുക
मिनाती,അഭ്യർത്ഥന
शुरू,ആരംഭിക്കുക
बिना,ഇല്ലാതെ
सस्ते,വിലകുറഞ്ഞത്
नशे,മയക്കുമരുന്ന്
तोड़,ബ്രേക്ക്
तोडना,തകർക്കാൻ
बीज,വിത്തുകൾ
किसका,ആരുടെ
कट्टा,പുളിച്ച
बंदूक,തോക്ക്
पिला,പില
सालो,വർഷങ്ങൾ
कितना,എത്ര
फूकता,പൊട്ടിത്തെറിക്കുക
बहुत,പലരും
दोस्ती यारी,ദോസ്തി യാരി
गाली,ദുരുപയോഗം
मत,വോട്ട് ചെയ്യുക
देना,നൽകാൻ
समझना,മനസിലാക്കാൻ
अपना,ഞങ്ങളുടെ
कैसे,എങ്ങനെ
आप,നിങ്ങൾ
लोग,ജനങ്ങൾ
जनता,പൊതുജനങ്ങൾ
गणेश,ഗണേഷ്
गणेशा,ഗണേശൻ
गणेश जी,ശ്രീ ഗണേഷ്
गणेश चतुर्थी,ഗണേഷ് ചതുർത്ഥി
पाठ,വാചകം
गणपति बाप्पा,ഗണപതി ബാപ്പ
मोरिया,മോറിയ
अगले,അടുത്തത്
बरस,മഴ
तू,നിങ്ങൾ
जल्दि,താമസിയാതെ
राम,റാം
नाम,പേര്
जय राम जी की,ജയ് റാം ജി
जय,ജയ്
श्री,മിസ്റ്റർ.
धनुष,വില്ലു
लक्ष्मी,ലക്ഷ്മി
मैया,അമ്മ
कृपा,ദയ
बनि,ബാനി
रहे,താമസിക്കുക
दिवाली,ദീപാവലി
श्रद्धा,ഭക്തി
शिव जी,ശിവൻ
नमय,നമയ്
शिवाय,കൂടാതെ
आस्था,വിശ്വാസം
भक्ति,ഭക്തി
सबूरी,സബൂരി
ज़ूज़ू,Hu ു സു
वोडाफोन,വോഡഫോൺ
हमम,ഉം
मदत,സഹായം
आवाज,ശബ്ദം
वोडा,വോഡ
डराना,ഭയപ്പെടുത്താൻ
मासूम,നിരപരാധിയായ
सुनने,ശ്രദ്ധിക്കൂ
स्पीकर,സ്പീക്കർ
भाषण,പ്രസംഗം
डोला,ഡോല
मुझसे डर,എന്നെ ഭയപ്പെടുക
नहीं पता,അറിയില്ല
तंग मत कर,ശല്യപ്പെടുത്തരുത്
परेशान मत कर,വിഷമിക്കേണ്ട
बात मत कर,സംസാരിക്കരുത്
समुन्दर किनारे,കടൽത്തീരം
ज़ूम,സൂം ചെയ്യുക
इज़हार,എക്സ്പ്രസ്
मोहोबत,സ്നേഹം
सिनेमा,സിനിമ
मूवी,മൂവി
फिल्म,സിനിമ
बंक,ബങ്ക്
नहीं दे रहा,നൽകുന്നില്ല
डब्बा,കേസ്
मम्मी का खाना,മമ്മി ഡിന്നർ
हवेली,മാളിക
आओ कभि,എന്നേക്കും വരൂ
अमरीश,അമ്രിഷ്
पुरी,പുരി
मौका,അവസരം
टीम,ടീം
स्टार,നക്ഷത്രം
स्टेडियम,സ്റ്റേഡിയം
स्पोर्ट्स,സ്പോർട്സ്
गर्ल,പെൺകുട്ടി
ठग,സ്മൂത്തി
लाइफ,ജീവിതം
जिंदगी,ജീവിതം
गोल्ड,സ്വർണം
चौड,ചൗഡ്
यो,ഇത്
रेड,ചുവപ്പ്
आंसू,കണ്ണുനീർ
मोरनी,മയിൽ
मोर,മയിൽ
बस,ബസ്
केवल,മാത്രം
पम्मी,പമ്മി
फैशन,ഫാഷൻ
फैन,ഫാൻ
आओ कभी,എന്നേക്കും വരൂ
ये,ഇത്
बिक,വിറ്റു
गई,പോയി
है,ആണ്
गौरमिंट,ഗ our ർമിന്റ്
रिपोर्टर,റിപ്പോർട്ടർ
बॉय,പയ്യൻ
गयी,പോയി
चैन,സമാധാനം
बाबा,ബാബ
बाबा जी,ബാബ ജി
नागिन,സർപ്പം
सपेरा,പാമ്പ് മന്ത്രവാദി
बद्तमीज़,നിർഭാഗ്യകരമാണ്
साले,സഹോദരൻ
भाभी,സഹോദരി
तेरी,നിങ്ങളുടെ
तमीज,തമീസ്
धमकी,ഭീഷണി
जिसको,ആർക്കാണ്
देखो,നോക്കൂ
बजाने,പ്ലേ ചെയ്യാവുന്ന
मेरी,എന്റെ
लगा,അനുഭവപ്പെട്ടു
चेयर,കസേര
शेर,സിംഹം
शाबाशी,ഓക്കി
ये है,ഇതാണ്
गर्व,അഭിമാനിക്കുന്നു
खुश,സന്തോഷം
बोल,സംസാരിക്കുന്നു
ना,ഇല്ല
मेरे,എന്റെ
जबरदस्ती,നിർബന്ധിച്ച്
बहुत देर,വളരെ വൈകി
रिमोट,വിദൂര
सॉरी,ക്ഷമിക്കണം
माफ़ी,ഒരു ക്ഷമാപണം
मूव,നീക്കുക
हिलो,ഹിലോ
नहीं,ഇല്ല
हो,ആകുക
सकता,കഴിഞ്ഞു
जस्ट,വെറുതെ
माय,എന്റെ
बिल्ली,പൂച്ച
कैट,പൂച്ച
माऊवव,മ'വ
सोफे,കിടക്ക
टी वि,ടിവി
कोक,കോക്ക്
पेप्सी,പെപ്സി
सॉफ्ट,മൃദുവായ
ड्रिंक,കുടിക്കുക
पेट,ആമാശയം
सुकून,വിശ്രമിച്ചു
टेबल,പട്ടിക
झूला,സ്വിംഗ്
ालास,ालास
चिल,ചില്ല്
मारो,തട്ടുക
नो,ഇല്ല
प्रॉब्लम,പ്രശ്നം
कुछ,ചിലത്
दिक्कत,പ്രശ്നം
परेशानी,പ്രശ്നം
चिल मारो,തണുപ്പിക്കുക
यारर,യാർ
मन,മനസ്സ്
नहीं है,അല്ല
मूड,മൂഡ്
बोर्ड,ബോർഡ്
दुखी,സങ്കടമുണ്ട്
आत्मा,ആത്മാവ്
परेशां,ഉത്കണ്ഠ
होम,വീട്
कारपेट,പരവതാനി
कागज़,പേപ്പർ
स्पेक्स,സവിശേഷതകൾ
चाहते,വേണം
बादल,മേഘം
पीस,പീസ്
आसान,എളുപ്പമാണ്
मोह,മോഹം
मया,മായ
रणबीर,രൺബീർ
घंटा,മണിക്കൂർ
सुकून पीस,ശാന്തമായ സമാധാനം
प्यारर,സ്നേഹം
तो,പിന്നെ
मैं,ഞാൻ
नाचूँ,നൃത്തം
आस्क,ചോദിക്കുക
बजाना,കളിക്കുന്നു
करू,അത് ചെയ്യുക
मग,പിന്നെ
कल,നാളെ
पक्का,ഉറപ്പാണ്
परसों,നാളത്തെ പിറ്റേന്ന്
दौड़,ഓട്ടം
दौड़ना,പ്രവർത്തിക്കുന്നു
करना,ചെയ്യാൻ
नीड,ആവശ്യം
चॉइस,ചോയിസ്
अलिअ,ആലിയ
खा,കഴിക്കുക
अर्जुन,അർജുൻ
बूटी,ബൂട്ട്
दवा,മരുന്ന്
गोवा,ഗോവ
जो,ഏത്
गॉन,പോയി
ज़ोंबी,സോംബി
सन्यासी,ഹെർമിറ്റ്
वर्क,ജോലി
ओवर,കഴിഞ്ഞു
ख़तम,മികച്ചത്
होगया,ചെയ്‌തു
लगता,തോന്നുന്നു
डरावनी,ഹൊറർ
जगा,ഉണരുക
शर्त,അവസ്ഥ
मुझे,ഞാൻ
जगाना,ഉണരുക
हमसे,ഞങ്ങളിൽ നിന്ന്
पाएगा,കഴിയും
पाना,നേടുക
भावनाओ,വികാരങ്ങൾ
को,ടു
समझो,അത് മനസ്സിലാക്കുക
इमोशंस,വികാരങ്ങൾ
फीलिंग्स,വികാരങ്ങൾ
समझाना,വിശദീകരിക്കാൻ
ओह्ह तेरी,ഓ
ओह्ह,ഓ
सांता,സാന്ത
क्रिसमस,ക്രിസ്മസ്
मानना,വിശ്വസിക്കാൻ
अफ़सोस,ക്ഷമിക്കണം
में,ൽ
निकल,നിക്കൽ
बाहर,പുറത്ത്
नोट,കുറിപ്പ്
चलना,നടത്തം
चलता,നടക്കുന്നു
हुआ,സ്ഥലമെടുത്തു
कब,എപ്പോൾ
अरे,ഹേയ്
हम,ഞങ്ങൾ
मिल,നേടുക
हैं,ആണ്
मिलो,കണ്ടുമുട്ടുക
मिलाप,സോൾഡർ
मेल,മെയിൽ
किचन,അടുക്കള
पकाना,പാചകം ചെയ്യാൻ
एप्रन,ആപ്രോൺ
मास्टर,യജമാനൻ
शेफ,ഷെഫ്
कुकिंग,പാചകം
वैलेंटाइन्स,വാലന്റൈൻസ്
मेरा,എന്റേത്
वैलेंटाइन,വാലന്റൈൻ
प्रोपोज़,നിർദ്ദേശിക്കുക
प्रस्ताव,ഓഫർ
प्रेम,സ്നേഹം
अनिवादन,ആശംസകൾ
पिंकी,പിങ്കി
प्रॉमिस,വാഗ്ദാനം
वादा,വാഗ്ദാനം
अंगुली,വിരൽ
रहा,താമസിച്ചു
हमेसा,എല്ലായ്പ്പോഴും
सादा,പ്ലെയിൻ
सदा,എല്ലായ്പ്പോഴും
नॉट,അല്ല
सिंगल,സിംഗിൾ
अकेला,ഒറ്റയ്ക്ക്
इस,ഇത്
साल,വർഷം
कोई,ഏതെങ്കിലും
बिचारा,പാവം
यू,യു
तुम,നിങ്ങൾ
दिख,ദൃശ്യമാണ്
रे,റേ
प्यारी,മനോഹരമായ
सुंदरी,സുന്ദരം
लॉट्स,ധാരാളം
ज्यादा,കൂടുതൽ
किस्सेस,കഥകൾ
काफी,മതി
साडी,സാരി
हर्ट्स,ഹൃദയങ്ങൾ
तुमसे,നിങ്ങളിൽ നിന്ന്
हमे,ഞങ്ങളെ
करता,ചെയ്യുന്നു
हूँ,ഞാൻ
गिव,കൊടുക്കുക
मझे,ഞാൻ
हुग,ഹൂഗ്
पा,പാ
चॉकलेट,ചോക്ലേറ്റ്
लाया,കൊണ്ടുവന്നു
तुम्हारे,നിങ്ങളുടെ
लिए,ഫോർ
रोजेज,റോസാപ്പൂക്കൾ
कार,കാർ
सीट,സീറ്റ്
रही,ആയി
बचा,ഇടത്
जल्दी,നേരത്തെ
थोड़ा,ചെറിയ
तोफहा,സമ്മാനം
गिफ्ट,സമ്മാനം
लाओ,കൊണ്ടുവരിക
चाइये,ച
तुम्हे,നിങ്ങൾക്ക്
मुबारक हो,അഭിനന്ദനങ്ങൾ
दिन का,ദിവസത്തിന്റെ
बल्लूंस,ബലൂണുകൾ
हैंड्स,കൈകൾ
साथ में,കൂടെ
हमेशा,എല്ലായ്പ്പോഴും
रहेंगे,നിലനിൽക്കും
हमलोग,ഞങ്ങൾ
टेडी,ടെഡി
बेयर सॉफ्ट,നഗ്നമായ മൃദുവായ
तोय,കാൽവിരൽ
भालू,കരടി
तुम्हारी,നിങ്ങളുടെ
इगनोर,അവഗണിക്കുക
मेको,മക്കാവു
न,അല്ല
एनफ,മതി
अब,ഇപ്പോൾ
मुझसे,എന്നിൽ നിന്ന്
करनी,ചെയ്യാൻ
इतना,വളരെയധികം
चिपक,വിറകുകൾ
थी,ആയിരുന്നു
वो,അത്
छिपकली,പല്ലി
चिपकना,പറ്റിനിൽക്കാൻ
नापसंद पसंद,ലൈക്കുകൾ ഇഷ്ടപ്പെടുന്നില്ല
बोलते,സംസാരിക്കുക
पूछ,ചോദിക്കുക
क्यों जवाब,എന്തുകൊണ്ട് ഉത്തരം നൽകണം
जाओ,പോകൂ
उसी,അതേ
से,മുതൽ
मजसे,തമാശ
जाओ उसी,അതുപോലെ പോകുക
करो बात,സംസാരിക്കൂ
मझे नहीं,ഞാനല്ല
अपनी,ഞങ്ങളുടെ
पिछली,മുമ്പത്തെ
गफ,പോകൂ
उसे,അവനെ
उससे,അവനിൽ നിന്ന്
अभी,ഇപ്പോൾ
तक,വരെ
करते,ചെയ്യുക
एक्स,എക്സ്
उठाया,ഉയർത്തി
तुमने,നിങ്ങൾ
बोलै,പറയുക
मेने,ഞാൻ
तुम्हारा,നിങ്ങളുടെ
येलो,മഞ്ഞ
पेह्नने,പെഹ്നെ
तुम पहनने,നിങ്ങൾ ധരിക്കുന്നു
भी,കൂടാതെ
कर्रे हो,ശരിയാണ്
कर्रे,കറി
बताओ,എന്നോട് പറയുക
स्कर्ट,പാവാട
रिचार्ज,റീചാർജ് ചെയ്യുക
करदु,കാരാട്
बैलेंस,ബാലൻസ്
डलवा,ദാൽവ
दू में,ഡുവിൽ
है क्या,എന്താണ്
एयरटेल,എയർടെൽ
ग्रीन,പച്ച
मुझपे,ഞാൻ
मुझपर,എന്നിൽ
आबए,ഇപ്പോൾ
ोई,ोई
भेजो,അയയ്‌ക്കുക
तुमको,നിങ്ങൾക്ക്
क्या भेजू,എന്താണ് അയയ്‌ക്കേണ്ടത്
मझसे,എനിക്ക്
करती,ചെയ്യുന്നു
कौन,ആരാണ്
था,ആയിരുന്നു
जिससे,ഇത് ഉപയോഗിച്ച്
जाऊंगा,പോകും
सबसे,ഏറ്റവും കൂടുതൽ
तेरे,നിങ്ങളുടെ
वाले,അവ
कोई नहीं,ആരും ഇല്ല
लिया,എടുത്തു
मेरा शोना,എന്റെ ഷോന
खाना खाओ,ഭക്ഷണം കഴിക്കുക
प्लीज,ദയവായി
मेरे लिए,എനിക്ക്
फ्रूट्स,പഴങ്ങൾ
नम्वर,ഇല്ല.
आगया,അഗയ
आगया में,പുരോഗതിയിലാണ്
एयरोप्लेन,വിമാനം
गिला,ഗില
दर्द,വേദന
कालिंग,വിളിക്കുന്നു
फॉलिंग,വീഴുന്നു
गिर,വീഴ്ച
जल्दी ही,താമസിയാതെ
फॉरएवर,എന്നേക്കും
करूँगा,ചെയ്യും
रहेगा,നിലനിൽക്കും
सच्चा,ശരിയാണ്
तुमसे है,നിങ്ങൾ സ്വദേശിയാണ്
तुम ही,നിങ്ങൾ മാത്രം
ही,മാത്രം
कर,നികുതി
सकता तुम्हे,നിങ്ങൾക്ക് കഴിയുമോ
में नहीं,ഞാൻ ചെയ്യുന്നില്ല
खोना,നഷ്ടപ്പെടാൻ
खो,നഷ്ടപ്പെട്ടു
खो दिया,നഷ്ടപ്പെട്ടു
राउंगा,പോകും
ऑरेंज,ഓറഞ്ച്
शर्ट,കുപ്പായം
माइन,എന്റേത്
क्लॉक,ക്ലോക്ക്
वेयर,എവിടെ
मेरा प्यार,എന്റെ പ്രണയം
हार्ट,ഹൃദയം
मेल्ट,ഉരുകുക
एंड,പിന്നെ
आल,എല്ലാം
रेड लाल,ചുവപ്പ് ചുവപ്പ്
तुम्हाररी,നിങ്ങളുടെ
चुराना,മോഷ്ടിക്കുക
चुरा,ചുര
लाल रेड,ചുവപ്പ് ചുവപ്പ്
षोषो,കാണിക്കുക
डिल,ഇടപാട്
हूँ बस,ഞാൻ നീതിമാനാണ്
रहूंगी,തുടരും
नूडल्स,നൂഡിൽസ്
मेरी पसंद,എന്റെ ചോയ്സ്
जग,ജഗ്
जाओ उठो,എഴുന്നേൽക്കുക
चलो,വരൂ
उठो अभी,ഇപ്പോൾ ഉണരുക
चलो उठो,നമുക്ക് എഴുന്നേൽക്കാം
चलो उठो अभी,നമുക്ക് ഇപ്പോൾ എഴുന്നേൽക്കാം
मेने बोलै,ഞാൻ പറയുന്നു
मेने\,ഞാൻ
बिलकुल,തീർച്ചയായും
इसी,അതേ
वक़्त,സമയം
इसी वक़्त,അതേ സമയം
घड़ी,ക്ലോക്ക്
डिडन्ट,ഡിഡ്ന്റ്
एनीथिंग,എന്തും
कहा है,നിങ്ങൾ എവിടെയാണ്?
थॉट्स,ചിന്തകൾ
आईटी,ഐ.ടി.
बस होगया,അത്രമാത്രം
ओह्ह्ह,ഓഹ്
यी,ഇവ
यह,ഇത്
कोण,ആരാണ്
कौन ये,ആരാണ് ഇത്
हे,ഇത്
इतस,അതിനാൽ
ओनली,മാത്രം
डरो,ഭയപ്പെടുക
एनीमेशन,ആനിമേഷൻ
कुं फु,കുൻ ഫു
लेट,വൈകി
उस,അത്
बिगिन,ആരംഭിക്കുക
हमें,ഞങ്ങളെ
शुरुआत,തുടക്കം
करने,ചെയ്യാൻ
हमारी,ഞങ്ങളുടെ
बरी,ഏറ്റെടുത്തു
कु फु,കു ഫു
पांडा,പാണ്ട
सकदुसह,സകാദുവിനൊപ്പം
कु,ചിലത്
फु,ഫു
स्काडूश,സ്കഡോഷ്
आगे है,മുന്നിലാണ്
आगया है,വന്നിരിക്കുന്നു
इंडिपेंडेंस,സ്വാതന്ത്ര്യം
डे,ദിവസം
फ्लैग,ഫ്ലാഗ് ചെയ്യുക
तिरंगा,ത്രിവർണ്ണ
चक्र,സൈക്കിൾ
सैफरन,കുങ്കുമം
गुलाबी,പിങ്ക്
नारंगी,ഓറഞ്ച്
स्वंतत्र,സ .ജന്യം
सफ़ेद,വെള്ള
भारतीय,ഇന്ത്യൻ
हिंदुस्तान,ഹിന്ദുസ്ഥാൻ
हमारा,ഞങ്ങളുടെ
भारत,ഇന്ത്യ
गर्व है,അഭിമാനിക്കുന്നു
हिंदुस्तानी,ഹിന്ദുസ്ഥാനി
प्राउड,അഭിമാനിക്കുന്നു
रिपब्लिक,റിപ്പബ്ലിക്
देस,ഡെസ്
हिन्दुस्तान,ഹിന്ദുസ്ഥാൻ
औरतों,സ്ത്രീകൾ
की,ന്റെ
आदर,ബഹുമാനിക്കുക
किआ,കിയ
जाता,പോകുന്നു
इज़्ज़त,ബഹുമതി
उनकी,അവരുടെ
नारी,സ്ത്രീ
दे,കൊടുക്കുക
बसंती,സ്പ്രിംഗ്
है अपने,നിങ്ങളുടേതാണ്
महान,വലിയവൻ
सबकी,എല്ലാവരും
सफाई होगी,വൃത്തിയാക്കും
बचेगा,അതിജീവിക്കും
कोईनहीं,ആരും ഇല്ല
किसान,കൃഷിക്കാരൻ
किसान ही,കൃഷിക്കാരൻ മാത്രം
का,ന്റെ
लहराए,അലയടിച്ചു
ज़िंदाबाद,തത്സമയം
नृतय,നൃത്തം
इनक्रेडिबल,അവിശ്വസനീയമാണ്
चकरा,തടസ്സങ്ങൾ
गांधीगिरी,ഗാന്ധിഗിരി
लाठी,വിറകുകൾ
महात्मा,മഹാത്മാ
बापू,ബാപ്പു
जी,അതെ
गाँधी,ഗാന്ധി
गांधीनगर,ഗാന്ധിനഗർ
स्वाग,സ്വാഗ്
खेत,ഫാം
देसी ही,വീട് മാത്രം
शक्ति,ശക്തി
मटके,കലം
बन्दे,അതിർത്തി
वनडे,ഏകദിനം
मातरम,മാതം
तिरंगा चक्र,ത്രിവർണ്ണ ചക്രം
वो वो,അത്
वो हेरोइन,ആ ഹെറോയിൻ
कही,എവിടെയോ
की क्या,എന്ത്
हीरोइन,നായിക
एक्टर,നടൻ
कही की,എവിടെയോ
साला,സഹോദരൻ
नाक,മൂക്ക്
काट,മുറിക്കുക
कट,മുറിക്കുക
अब तो,ഇപ്പോൾ
शाबाश,നന്നായി ചെയ്തു
बीटा,ബീറ്റ
बीटा है,ബീറ്റയാണ്
पगलेट,പഗ്ലറ്റ്
बी,ബി
माध,മാധാവ്
क्रेजी,ഭ്രാന്തൻ
हमको,ഞങ്ങൾക്ക്
पता,വിലാസം
सब,എല്ലാം
सब कुछ,എല്ലാം
बोलना,സംസാരിക്കാൻ
मालूम मालूम है,നിങ്ങൾക്കറിയാം
मालूम,അറിയുക
मौलम है,മൗലം ഹായ്
बनो,ആകുക
मत बनो,ആകരുത്
हमारे,ഞങ്ങളുടെ
हमारे सामने,ഞങ്ങളുടെ മുന്നിൽ
सामने,മുന്നിൽ
बनो मत,ആകരുത്
पापा,പപ്പാ
डैडी,ഡാഡി
गजब,അതിശയകരമായത്
वाह,കൊള്ളാം
गुरु,യജമാനൻ
चा,ന്റെ
गए,പോയി
तुम तो,നിങ്ങൾ
भौकाल,പുരികം
झाड़ो,സ്വീപ്പ്
ोकय,ोकय
मत झाड़ो,തൂത്തുവാരരുത്
भौकाल है,സമയമാണ്
ये मर्द,ഈ പുരുഷന്മാർ
के,ന്റെ
ढाई,രണ്ടര
किलो,കിലോ
का हाथ,കൈ
मत समझना,മനസ്സിലാകുന്നില്ല
आई,ഞാൻ വന്നു
ऍम,ആം
अवसोमे,അവാസോം
आई ऍम,ഞാൻ
आई ऍम अवसोमे,ഞാൻ അവാസോം ആണ്
हेलल,ഹാലെൽ
येह,ഇത്
येआ,വരൂ
हेल,നരകം
फीड,ഫീഡ്
थे,ഉണ്ടായിരുന്നു
चैम्प,ചാമ്പ്യൻ
हेरे,നോക്കൂ
चैंपियन,ചാമ്പ്യൻ
बेल्ट,ബെൽറ്റ്
रेसलिंग,ഗുസ്തി
ब्लैक बेल्ट,ബ്ലാക്ക് ബെൽറ്റ്
जहां,എവിടെ
सीना,തയ്യൽ
व्हाट,എന്ത്
गोंना,ഗോണ
बरोथेर,സഹോദരൻ
गोत्रा,ഗോത്രം
फाड़,കീറുന്നു
मास्क,മാസ്കുകൾ
यस,ഇത്
फाइट,യുദ്ധം ചെയ്യുക
रिंग,മോതിരം
आया,വന്നു
दर्द pain,വേദന വേദന
कैन,കഴിയും
दिग,കുഴിക്കുക
तहत,കീഴിൽ
सुक्का,വരണ്ട
तुम खोद,നിങ്ങൾ കുഴിക്കുക
सकते,കഴിയും
हो उस,ഹോ അത്
ब्रिंग,കൊണ്ടുവരിക
रॉक,പാറ
ब्लूओ उसे,അവനെ ബ്ലൂ ചെയ്യുക
लड़ा,പോരാടി
वे विल,അവർ ചെയ്യും
वे,അവർ
विल,വിൽ
विन,വിജയിക്കുക
अगेन,വീണ്ടും
पिरसे,ത്രെഡ്
स्टेडयम,സ്റ്റേഡിയം
गर्ल लड़की,പെൺകുട്ടി
रोमांचक,ത്രില്ലർ
एंकरिंग,ആങ്കറിംഗ്
थर्ड,മൂന്നാമത്
एम्पायर,സാമ്രാജ്യം
विक्ट्री,വിജയം
फिक्स्ड,പരിഹരിച്ചു
नरगाज़ी,നർഗാസി
एंगर,കോപം
देखना,കാണാൻ
बंद,അടച്ചു
देखूंगा,കാണും
टीवी,ടിവി
गिरवा,താഴേക്ക് വീഴുക
दिया,നൽകി
मनहूस,മോശം
शक,സംശയം
तोह,തോ
जीतेंगे,വിജയിക്കും
बोतल,കുപ്പി
ख़ुशी,സന്തോഷം
फुटबॉल,ഫുട്ബോൾ
तोडना नरगाज़ी,സ്മാഷ് ഹിറ്റ്
शानदार,കൊള്ളാം
फ़ेईल्दिंग,ഫീൽഡിംഗ്
पकड़ना,പിടിക്കാൻ
हारो,നഷ്ടപ്പെടുക
या,അല്ലെങ്കിൽ
जीतो,വിജയിക്കുക
बनती,നിർമ്മിച്ചത്
रणवीर,രൺവീർ
कुश,കുഷ്
रक्षाबंधन,രക്ഷബന്ധൻ
लव राखी,പ്രണയം രാഖി
करीना,കരീന
त्यौहार,ഉത്സവം
रक्षा,പ്രതിരോധം
बंधन,ബോണ്ട്
राखी,രാഖി
गुफ्त,സ .ജന്യം
हुई,ഹുയി
उसके,അവന്റെ
इसे,ഇത്
तरस,ആകാംക്ഷ
छेद,ദ്വാരം
बहना,ഫ്ലോ
आईटी इस,അത്
सीक्रेट,രഹസ്യം
तोहफा,സമ്മാനം
सिस्टा,സിസ്റ്റ
कूद,ജമ്പ്
मज़ा,തമാശ
तुरंत,ഉടനെ
चिन्ना,ചിന്ന
दूर,അകലെ
रहो,താമസിക്കുക
मालेगाव,മാലേഗാവ്
सूट,സ്യൂട്ട്
बागवान,തോട്ടക്കാരൻ
गॉड,ദൈവം
कंट्री,രാജ്യം
ओवन्स,ഓവനുകൾ
हेवन,ഹാവൻ
ों,ों
एअर्थ,ഭൂമി
धरती,ഭൂമി
हैदराबाद,ഹൈദരാബാദ്
यारों,സുഹൃത്തുക്കൾ
ब्यूटीफुल,സുന്ദരം
हरयाणी,ഹരിയാന
बरअक्स,ബോക്സ്
बोनस,ബോണസ്
हेर्त्स,Bs ഷധസസ്യങ്ങൾ
तोड़ते,ബ്രേക്കിംഗ്
टूटना,പിരിയുക
शॉर्ट्स,ഷോർട്ട്സ്
बीच इन,ഇവയിൽ
फन,തമാശ
दिलवालों,ഹൃദയങ്ങൾ
इल्ली,പുഴു
मेट्रो,മെട്രോ
दिलसे,ദിൽ‌സെ
कैपिटल,മൂലധനം
मंद,മങ്ങിയത്
एना,അന
साउथ,തെക്ക്
तमिल,തമിഴ്
नाडु,നടു
चंगा,സുഖം പ്രാപിച്ചു
चंडीगढ़,ചണ്ഡിഗഡ്
कुड़ी,ലിറ്റർ
पंजाबी,പഞ്ചാബി
मुंडी,മുണ്ടി
मिष्टी,മധുരം
रसोगुल्ला,റസോഗുല്ല
बंगाल,ബംഗാൾ
बेनेली,ബെനെല്ലി
लैंड,ഭൂമി
राइजिंग,ഉയരുന്നു
सुन,കേൾക്കൂ
शरती,ശരീ
अरुणाचा;,അരുണാച;
अरुणाचल,അരുണാചൽ
प्रदेश,സംസ്ഥാനം
नार्थ,വടക്ക്
ईस्ट,കിഴക്ക്
यू पी,യു പി
है\,ആണ്
ठुमका,പറഞ്ഞല്ലോ
वाला,ഒന്ന്
ताज,കിരീടം
महल,കൊട്ടാരം
आगरा,ആഗ്ര
रेट,നിരക്ക്
क,എ
राजस्थान,രാജസ്ഥാൻ
पायरा,ഘട്ടം
सूखा,വരണ്ട
बल्ले,ബാറ്റ്
नेचर,പ്രകൃതി
आमची,ഞങ്ങളുടെ
मुंबई,മുംബൈ
बॉम्बे,ബോംബെ
गेट,ഗേറ്റ്
ऑफ़,ഓഫാണ്
वाचेया,വായിക്കുക
सेलेना,സെലീന
गोमेज़,ഗോമസ്
पिंक,പിങ്ക്
जस्ट टेक्स्ट,വാചകം മാത്രം
बंग,ബാംഗ്
बंग बंग,ബാംഗ് ബാംഗ്
पिस्तौल,പിസ്റ്റൾ
ेमकोउन्टर,ेमकोउन्टर
पर्पल,പർപ്പിൾ
ड्रेस,വസ്ത്രധാരണം
शूट,ഷൂട്ട്
वाओ,വാവോ
वोविस,വോവിസ്
वोह,അത്
नीस,കൊള്ളാം
कोल्ड,തണുപ്പ്
जानते,അറിയുക
अचे,ശരി
क्नोव,നോവ്
डाट,സ്റ്റോപ്പർ
टॉकिंग,സംസാരിക്കുന്നു
हांजी,അതെ
हाँ,അതെ
हैंडल,ഹാൻഡിൽ
कांत,കാന്ത്
पाओगे,കണ്ടെത്തും
ोप्स,ोप्स
ोंग,ोंग
गपड,ഗോസിപ്പ്
बगवान्न,ദൈവം
ी,ी
रेट्रो,റെട്രോ
लड़किओं,പെൺകുട്ടികൾ
तरह,ലൈക്ക്
गर्ल्स,പെൺകുട്ടികൾ
लिखे,എഴുതുക
इतर,മറ്റുള്ളവ
ाचा,ाचा
बजा,ബജ
डुंग,ചാണകം
उड़ा,.തുക
पतंग,കൈറ്റ്
धागा,ത്രെഡ്
लपेट,പൊതിയുക
पो,പോ
छे,ആറ്
बजी,രംഗ്
ढील,വിശ്രമം
डील,ഇടപാട്
पहात,കാണുന്നു
बाज़ी,പാർലെ
अजा,അജ
पेंच,സ്ക്രീൻ
एस्टी,എസ്റ്റീ
अटक,അറസ്റ്റുചെയ്തു
शौक,ഹോബി
पन्नी,ഫോയിൽ
कन्नी,കണ്ണി
कुरता,ഷർട്ട്
मंचा,മഞ്ച
कच्चा,അസംസ്കൃത
कटा,അരിഞ്ഞത്
कटे,മുറിക്കുക
काटे,മുറിക്കുക
दौड़ो,പ്രവർത്തിപ്പിക്കുക
डोगग्य,നായ
ब्वॉय,പയ്യൻ
पूगगी,പുഗ്ഗി
दादा जी,മുത്തച്ഛൻ
दांत,പല്ലുകൾ
चचा,ചർച്ച
अंकल,അങ്കിൾ
च च च,F f f
बुआ,അമ്മായി
की दुआ,അനുഗ്രഹങ്ങൾ
व,പിന്നെ
ब्लेस्सिंग्स,അനുഗ്രഹങ്ങൾ
सहारा,പിന്തുണ
भाई है,സഹോദരനാണ്
स्टाइल,ശൈലി
स्टाइलिश,സ്റ്റൈലിഷ്
भाभी जी,സഹോദരി
मेरी प्यारी,എന്റെ മനോഹരമായ
प्यारी भाभी,സുന്ദരിയായ സഹോദരി
बेहेन,സഹോദരി
नकरे,നകരേ
चूसे,നുകരുക
नौटंकी,ജിമ്മിക്ക്
नानी,മുത്തശ്ശി
कहानिया,കഥകൾ
कान्हा,കൻഹ
चवल,ചാൾ
चावल,അരി
अत,അതിനാൽ
टिया,ടിയ
चक्ति,പവർ
चलती,നീങ്ങുന്നു
बाई,ഭായ്
टाटा,ടാറ്റ
फॉर,ഫോർ
चपल,കളിയായ
मोड,മോഡ്
साइलेंट,നിശബ്ദത
लेटस,ചീര
चलते,നമുക്ക് പോകാം
बास्केट,കൊട്ട
खाओगे,കഴിക്കും
प्याला,കപ്പ്
बाउल,ഗർഭപാത്രം
चिलिंग,ചില്ലിംഗ്
अलग,വ്യത്യസ്തമാണ്
शॉप,ഷോപ്പ്
विंडो,വിൻഡോ
खरीदना,വാങ്ങാൻ
करोड़,കോടി
थकन,തങ്ക്
टायर्ड,ക്ഷീണിതനാണ്
हु,ഹു
साद,പ്ലെയിൻ
चल,നടക്കുക
यहां,ഇവിടെ
आपका,നിങ്ങളുടെ
सबका,എല്ലാവരും
स्वागत,സ്വാഗതം
कूल,അടിപൊളി
थिस,ഇത്
चाट,നക്കുന്നു
मुलाकात,യോഗം
एंड्स,Ands
राइट,വലത്
इधर ही,ഇവിടെ മാത്രം
आवर,ഞങ്ങളുടെ
ग्रुप,ഗ്രൂപ്പ്
ऐड,ചേർക്കുക
पोस्ट,പോസ്റ്റ്
लड़ो,യുദ്ധം ചെയ്യുക
रिप्लाई,മറുപടി
तोह किआ,അങ്ങനെ കിയ
करा,ദയവായി
ा\रा,രാ
लीविंग,ലിവിംഗ്
नाउ,ഇപ്പോൾ
बई,ഭായ്
होगे,ആയിരിക്കും
तेरा,നിങ്ങളുടെ
होगया है,ചെയ്തു
काली,കറുപ്പ്
दू,ചെയ്യുക
तुझे,നിങ്ങൾക്ക്
तब,പിന്നെ
मानेगा,പരിഗണിക്കും
गलोच,ഗ്ലോച്ച്
एरर,പിശക്
दारु बियर,മദ്യം ബിയർ
स्वीटी,സ്വീറ്റി
व्हस्की,വിസ്കി
होंनई,ഹോനായ്
होनी,ആകാൻ
जैकपोट,ജാക്ക്‌പോട്ട്
लग,നോക്കൂ
गइबे,ഗിബെ
अल्कोहल,മദ്യം
किंग,രാജാവ്
चियर्स,ചിയേഴ്സ്
ब्रांडी,ബ്രാണ്ടി
बाथ बियर,ബാത്ത് ബിയർ
बाथ,ബാത്ത്
टल्ली,ഇടവക
थपड,അടിക്കുക
चांटा,അടിക്കുക
ग्लोब,ഗ്ലോബ്
कनेक्ट,ബന്ധിപ്പിക്കുക
वर्ल्ड,ലോകം
डोमिनेशन,ആധിപത്യം
काठ,വുഡ്
पुतली,ഡോളി
शकल,മുഖം
पर,അറ്റ്
जा,പോകൂ
अकाल,ക്ഷാമം
पावर,പവർ
पुअर,പാവം
गरीब,പാവങ്ങൾ
किसी,ആരോ
कभी,എന്നേക്കും
जागो,ഉണരുക
ग्राहक,ഉപഭോക്താവ്
जागूओ,ഉണരുക
जाग,ഉണരുക
है र,സു
हर,ഓരോ
फ्रेंड,സുഹൃത്ത്
ज़रूरी,അത്യാവശ്യമാണ്
होता,ഉണ്ടായിരിക്കും
व्राप्पेड,പൊതിഞ്ഞു
चुतियापा,ചുട്ടിയാപ
है डब्बा,ബോക്സ് ആണ്
सुनदर,സുന്ദരം
फ्री,സ .ജന്യം
२,2
पूल,കുളം
स्विमिंग,നീന്തൽ
ाभु,ाभु
दज,എൻട്രി
सम,പോലും
गो,പോകൂ
एपिक,ഇതിഹാസം
टुनाइट,ഇന്ന് രാത്രി
ही ृत्त,ഒരേ സർക്കിൾ
ृत्त,ृत्त
डोंट,ചെയ്യരുത്
ड्राइव,ഡ്രൈവ് ചെയ്യുക
चलाओ,ഡ്രൈവ് ചെയ്യുക
बे,ബേ
ा,ा
पूपर,പൂപ്പർ
ब्योब,ബയോബ്
जाए,പോകൂ
बीरदारु,ബിർദെരു
दम,പവർ
सांग,എന്നോട് പറയുക
तो पार्टी,അതിനാൽ പാർട്ടി
दासी,വീട്ടുജോലിക്കാരി
ई,ഇ
ड्रंक,മദ്യപിച്ചു
छोड़,വിടുക
सुता,സുത
स्मोकिंग,പുകവലി
कॉसेस,കാരണം
इम्पोटेंसी,പ്രാധാന്യം
सग्गड़ाते,സാഗ്നേറ്റ്
फुल,നിറഞ്ഞു
आठ,എട്ട്
खूब,ധാരാളം
करेंगे,ചെയ്യും
तोंगट,ടോങ്കാഡ്
बूम,ബൂം
परतीयय,അന്യഗ്രഹ
ीीाहहह,ीीाहहह
आह्ह्ह्ह,അഹ്ഹ്ഹ്
डी,ഡി
शेक,കുലുക്കുക
बेल्ली,ബെല്ലി
डेज,ദിവസങ്ങൾ
यूनिफार्म,യൂണിഫോം
शूज,ഷൂസ്
होमवर्क,ഗൃഹപാഠം
वसुप,വാസുപ്
गाइस,സഞ്ചി
सॉक्स,സോക്സ്
हग्स,ആലിംഗനം
गुड्डा,ഗുഡ്ഡ
तय,പരിഹരിച്ചു
थिंकिंग,ചിന്തിക്കുന്നു
अबाउट,കുറിച്ച്
फूडी,ഭക്ഷണം
हंगर,വിശപ്പ്
भूखी,വിശക്കുന്നു
बिस्किट,ബിസ്കറ്റ്
जार,ഭരണി
आरा,കണ്ടു
ही हूँ,ഞാൻ മാത്രം
सच्चे,ശരിയാണ്
हप्ते,തവണകൾ
स्टोरी,കഥ
बुक्स,പുസ്തകങ്ങൾ
पेन,പേന
पेंसिल,പെൻസിൽ
पेजेज,പേജുകൾ
कहना,പറയാൻ
और नहीं हो,കൂടുതൽ ഇല്ല
कर्ली,ചുരുളൻ
ची ची,ചി ചി
लॉन्ग,നീളമുള്ളത്
चलिए,നമുക്ക് പോകാം
बाइक,ബൈക്ക്
गण,ഗണ
पसनद,ചോയിസ്
खिलौना,കളിപ്പാട്ടം
ीआई,ीआई
बेटी,മകൾ
कार्डो यूनिफार्म,കാർഡോ യൂണിഫോം
नोटबुक,നോട്ട്ബുക്ക്
कॉपी,പകർത്തുക
प्ले,പ്ലേ ചെയ്യുക
गैस,വാതകം
डॉल,പാവ
फ्रॉक,ഫ്രോക്ക്
डिस्टर्ब,ശല്യപ്പെടുത്തുക
रोबोट,റോബോട്ട്
आर्टिस्ट,ആർട്ടിസ്റ്റ്
ड्राइंग,ഡ്രോയിംഗ്
कलर्स,നിറങ്ങൾ
पेंटिंग,പെയിന്റിംഗ്
ी आ,ശ്രീ എ
ट्री,മരം
हॉलिडे,അവധിദിനം
अग्ली,വൃത്തികെട്ട
फेस्टिवल,ഉത്സവം
मेर्री,സന്തോഷം
फिटनेस,ശാരീരികക്ഷമത
मजबूत,ശക്തമാണ്
तंदुरुस्त,ആരോഗ്യമുള്ള
स्लिम,സ്ലിം
फिट,യോജിക്കുക
छाती,നെഞ്ച്
भरा,പൂരിപ്പിച്ചു
अंदर,ൽ
तेल,എണ്ണ
गयम गैमिंग,ഗേ ഗെയിമിംഗ്
हिट,അടിക്കുക
गयम,ഗയം
अस,പോലെ
फिडल,ഫിഡിൽ
हेअल्थी,ആരോഗ്യം
स्टे,താമസിക്കുക
डाइटिंग,ഡയറ്റിംഗ്
मोती,മുത്ത്
होगयी,ആയിരിക്കും
पुमपैड,പമ്പാഡ്
उप,ഡെപ്യൂട്ടി
किलस,കിലസ്
स्लैम,സ്ലാം
धौंक,Blow തി
बोटा,ബോട്ട
किसको,ആർക്കാണ്
तूने,നിങ്ങൾ
हूँ में,ഞാൻ പ്രവേശിക്കുന്നു
चिकन,ചിക്കൻ
टुडे,ഇന്ന്
खाएंगे,കഴിക്കും
सारा,എല്ലാം
तंदूरी,തന്തൂരി
ी आई,ശ്രീ
डॉक्टर,ഡോക്ടർ
पेशेंट,രോഗി
प्लस,പ്ലസ്
हॉस्पिटल,ആശുപത്രി
मोरे,കൂടുതൽ
रनिंग,പ്രവർത്തിക്കുന്നു
जॉगिंग,ജോഗിംഗ്
मॉर्निंग,രാവിലെ
बालक,പയ്യൻ
ऋ,ആർ
परांठा,പരത
दही,തൈര്
साइकिलिंग,സൈക്ലിംഗ്
पथ,പാത
लॉस्ट,നഷ്ടപ്പെട്ടു
१०,10
कग,കാഗ്
इतनी,വളരെയധികം
गैमिंग,ഗെയിമിംഗ്
सिम,സിം
जाये,പോകൂ
लेक्चर,പ്രഭാഷണം
पर्स,പേഴ്സ്
प्रोफेसर,പ്രൊഫസർ
जाने,അറിയുക
देदे,കൊടുക്കുക
यारर भाई,സഹോദരൻ
सीखा,പഠിച്ചു
पढ़ा,വായിക്കുക
रैगिंग,റാഗിംഗ്
लेनी,ലെന്നി
दन,ദിവസം
बीएड,ബി.എഡ്.
आलास,അയ്യോ
रेडी,തയ്യാറാണ്
कॉलेज त्यार,കോളേജ് തയ്യാറാണ്
में पूरी,എന്നെ മുഴുവനും
लेली,ലില്ലി
पहनने,ധരിക്കുക
नथिंग,ഒന്നുമില്ല
वियर,ധരിക്കുക
नई क्लोथ्स,പുതിയ വസ്ത്രങ്ങൾ
फ्रेशर्स,ഫ്രെഷറുകൾ
लिए लिए,ഫോർ
ब्रोके,തകർന്നു
सिक,രോഗം
बीमार,രോഗികൾ
बीमारी,രോഗം
फेमस,പ്രശസ്തൻ
गिटार,ഗിത്താർ
परफॉरमेंस,പ്രകടനം
रोल म,റോളിൽ
रोल,റോൾ
नाईट,രാത്രി
बमार,ബമാർ
वेल,ശരി
नॉट फीलिंग,പൂരിപ്പിക്കുന്നില്ല
सही हूँ,ശരിയാണ്
मुंडा,ഷേവ് ചെയ്തു
सैंतींस,സാന്റൈൻസ്
छाए,നിഴൽ
चलें,നമുക്ക് പോകാം
चलोगे,നിങ്ങൾ പോകുമോ?
मेरे साथ,എന്നോടൊപ്പം
अस्सीगंमनेट्स,അസിഗുമെനെറ്റുകൾ
गयी है,പോയി
हुए,സംഭവിച്ചു
डीडेड,സമർപ്പിക്കുന്നു
स्टार्ट,ആരംഭിക്കുക
स्टडी,പഠനം
डिसिशन,തീരുമാനം
लेलिऐ,എടുക്കുക
आल अबाउट,എല്ലാം
कलगे,കലൻ
बोझ,ഭാരം
पढ़ने,വായിക്കുക
कंसंट्रेशन,ഏകാഗ്രത
प्लैसे,പ്ലേസി
दे एरर,പിശക് നൽകുക
वाला टॉपिक,വാല വിഷയം
टॉप्स अत,മുകളിൽ
तपोस,ടാപ്പോസ്
टॉपिक,വിഷയം
एक्साम,പരീക്ഷകൾ
बाउट,മൽസരം
जयादा है,കൂടുതൽ
प्लस पास,പ്ലസ് പാസ്
करवा,ഇത് പൂർത്തിയാക്കുക
मेकिंग,നിർമ്മിക്കുന്നു
डीडीओ एरर प्लीज,DDO പിശക് ദയവായി
डीडीओ,ഡി.ഡി.ഒ.
समथिंग,എന്തോ
ेल्स,ेल्स
कक,അത്
करें,ചെയ്യുക
मरते,മരിക്കാൻ
मरेगा,മരിക്കും
असाइनमेंट,അസൈൻമെന്റ്
करदे,കരാഡെ
करदिओ,കറി അപ്പ്
प्रॉक्सी,പ്രോക്സി
लगदे,അറ്റാച്ചുചെയ്തു
लगा डीओ,ചെയ്യൂ
रेडी त्यार,തയ്യാറാണ്
होगयी फॉर,ഹോഗി
सीनियर,സീനിയർ
तमीज़,തമീസ്
मुबारक दारु,സന്തോഷകരമായ വീഞ്ഞ്
चीज़,ചീസ്
मस्त है,രസകരമാണ്
बड़ी,വലിയ
हठी,നായ
देर,വൈകി
होगयी है,ചെയ്തു
बर्ड,പക്ഷി
व्हो,Vo
ओह,ഓ
शीप,ആടുകൾ
पी,പി
जाउन्गा प्यासा,ദാഹിക്കും
मचार,മച്ചാർ
मॉस्क्वीटो,കൊതുക്
ब्लड,രക്തം
स्लो,പതുക്കെ
स्नैल,ഒച്ച
धीरे,പതുക്കെ
बुरा,മോശം
खासा,വളരെ
हैंग,തൂങ്ങുക
लटक,തൂങ്ങുന്നു
इन,ൽ
बुड़ीय,ബുഡി
पेड़,മരം
नकलची बन्दर,അനുകരിക്കുന്ന കുരങ്ങ്
नकलची,അനുകരിക്കുന്നയാൾ
केला,വാഴപ്പഴം
मंकी,കുരങ്ങൻ
बग,ബഗ്
ऑफ,ഓഫാണ്
माखी,മഖി
हाउस,വീട്
फ्लाई,ഈച്ച
छी,ക്ഷമിക്കണം
डा,ഡോ.
पुत्तर,മകൻ
लायन,സിംഹം
दहाड़,അലറുക
दहाड़ेगा,അലറുന്നു
कहुआफ,കഹുവാഫ്
ऍम स्टक,ഞാൻ സ്റ്റോക്ക് ആണ്
सांप,പാമ്പ്
स्नेक,പാമ്പ്
सर्प,പാമ്പ്
वर्किंग,പ്രവർത്തിക്കുന്നു
हार्ड,കഠിനമാണ്
अंत,അവസാനം
कलेक्टिंग,ശേഖരിക്കുന്നു
इक्कठा,സ്റ്റോക്ക്
ग्राफ़ी,ഗ്രാഫി
गिराफ़,ജിറാഫ്
दिनों,ദിവസങ്ങൾ
कपूर,കർപ്പൂരം
गोरिल्ला,ഗോറില്ല
जंगली,കാട്ടു
मेंढक,തവള
लोटस,താമര
लेक,തടാകം
मामू,മാമു
कॉक,കോഴി
मुर्गा,കോഴി
पाक,പാക്
पाक पाक,പാക് പാക്ക്
क्रोकोडाइल मगर,മുതല മുതല
मच,മാക്
व्हिले,വില്ലെ
तुतले कछुआ,ടോയ്‌ലറ്റ് ആമ
टर्टल,ആമ
कछुआ,ആമ
इजी,എളുപ്പമാണ്
स्कूबी,സ്കൂബി
भागू,ഭാഗു
हैवे,ഉണ്ട്
ान,ान
आईडिया,ആശയം
एन,എൻ
समझ,വിവേകം
वांनै,വണ്ണായി
सीं,Si
देखोगे,കാണും
नाचोगे,നൃത്തം ചെയ്യും
पंच,പഞ്ച്
तलह,താഴ്‌വ
बहुत ही,വളരെ വളരെ
टॉक,സംസാരിക്കുക
हाउ,അതെ
इन्क्रेडिबिलिटी,അവിശ്വസനീയത
ऑब्जरवेशन,നിരീക്ഷണം
वन्स,ഒരിക്കൽ
सेव्ड,സംരക്ഷിച്ചു
पफ,പഫ്
इम्पॉसिबल,അസാധ്യമാണ്
पॉसिबल,സാധ്യമാണ്
मेक,നിർമ്മിക്കുക
वंडर,അത്ഭുതം
वीमेन,സ്ത്രീകൾ
कैच,ക്യാച്ച്
आ ',വരൂ
फ़्लैश,ഫ്ലാഷ്
आजाऊंगा,വരും
गोत,ബോട്ട്
मैजिक,മാജിക്
याबा,യാബ
दबा,അടിച്ചമർത്തപ്പെട്ടു
फ्लिन,ഡബ്ലിൻ
स्टोन्स,കല്ലുകൾ
स्पिनच,ചീര
पालक,മാതാപിതാക്കൾ
पोपोए,പോപ്പോ
सेलर,നിലവറ
म्यूजिक,സംഗീതം
डूबी,നിമജ്ജനം
जिन्किइस,ജിൻക്വിസ്
सेक्सी,സെക്സി
झांय,ജാൻ
ब्रावो,ബ്രാവോ
ग्लासेज,കണ്ണട
मोव,MOV
मिआओवो,മിയാവോ
बेट,പന്തയം
कामे,ചുമതലകൾ
स्टिकी,സ്റ്റിക്കി
तून,ട്യൂൺ
सुपर,സൂപ്പർ
सुपर मन,സൂപ്പർ മനസ്സ്
आयरन,ഇരുമ്പ്
बाई बाई,ഭായ് ഭായ്
लोहा,ഇരുമ്പ്
टोनी,ടോണി
स्टार्क,സ്റ്റാർക്ക്
बैक,തിരികെ
थॉर,തോർ
पे,ഓണാണ്
राओगे,റോഗ്
वजन,ഭാരം
ब्लू ड्रेस,നീല വസ്ത്രധാരണം
हील्स,കുതികാൽ
नाग,പാമ്പ്
योगी य,യോഗി
योगि,യോഗി
माआला,മാള
वास्ते,ഫോർ
टाइम की,ടൈം കീ
बर्बादी,ഒരു മാലിന്യ
बर्बाद,പാഴായി
लप्पी,ലപ്പി
नो चांस,അവസരമില്ല
चांस,അവസരം
गाउन,ഗൗൺ
लुक,നോക്കൂ
डेल्हो,ഡെൽഹോ
बॉलर,ബ ler ളർ
बोलरा,ബൊലേറോ
लंच,ഉച്ചഭക്ഷണം
बी चांस,ബി അവസരം
अपने,ഞങ്ങളുടെ
बी लक,ബി ഭാഗ്യം
कोट,കോട്ട്
लड़के,ആൺകുട്ടികൾ
क्लोज,അടയ്‌ക്കുക
डिस्कशन,ചർച്ച
बंद भी,ഓഫാണ്
करोगे हमारा,നിങ്ങൾ ഞങ്ങളുടെ കാര്യം ചെയ്യുമോ?
करोगे,ചെയ്യും
टेक,ടെക്
होगी,ആയിരിക്കും
कहाँ,എവിടെ
सब क,എല്ലാത്തിലും
कहाँ हैं,എവിടെയാണ്
थैंक्यू,നന്ദി
आइये,വരൂ
अर्ज़,അർസ്
हिअ,ഹായ്
सिंगिंग,പാടുന്നു
श्पवेर,ഷേവർ
रूम,മുറി
सिंगर,ഗായകൻ
ईपी,ഇ.പി.
यययय,യയ്യേ
ध्यान,ശ്രദ്ധ
व्होज़,ആരുടെ
देखो तो,അപ്പോൾ കാണുക
कहेंगे,പറയും
लोगो,ലോഗോ
ट्रू,ശരിയാണ്
डेकोरेशन,അലങ്കാരം
लड़किआं,പെൺകുട്ടികൾ
ताजा,പുതിയത്
खबर,വാർത്ത
न्यूज़,വാർത്ത
एग्स,മുട്ട
बच गया,അതിജീവിച്ചു
बच,രക്ഷപ്പെടൽ
पैराशूट,പാരച്യൂട്ട്
सन्नाटा,നിശബ്ദത
शॉकिंग,ഞെട്ടിക്കുന്ന
बिजली,വൈദ്യുതി
इलेक्ट्रिसिटी,വൈദ്യുതി
टॉवल,തൂവാലകൾ
कर्टेंस,കർട്ടൻസ്
शेयर,പങ്കിടുക
योर,നിങ്ങളുടെ
लोकेशन,സ്ഥാനം
अभी ही,ഇപ്പോൾ
बताओ ना,ഇല്ല എന്ന് പറയുക
जैसी,പോലെ
वैसे,വഴിയിൽ
भरनी,സ്റ്റഫിംഗ്
मिटटी,മണ്ണ്
कीप,ഫണൽ
क्लीन,വൃത്തിയാക്കുക
साफ़,വൃത്തിയാക്കുക
क्लीन क्लीन,വൃത്തിയായി വൃത്തിയാക്കുക
सफाई पसंद,ക്ലീനിംഗ് ചോയ്സ്
ॉव,ॉव
कह,പറയുക
झांट,ജാന്ത്
फिर,പിന്നെ
सलफेट,സൾഫേറ്റ്
निकला,പുറത്തുവന്നു
आइस क्रीम,ഐസ്ക്രീം
उन,അവ
रोड,റോഡ്
ब्रोस,ബ്രോസ്
बिफोर,ബിഫോർ
हॉर्स घोडा,കുതിര കുതിര
प्लान्स,പദ്ധതികൾ
स्वीट,മധുരം
प्रतिशत,ശതമാനം
वेल्ला,വെല്ല
बाउंड्री,അതിർത്തി
सुंगलीगत,സൺഗ്ലാസുകൾ
नोबडी,ആരും ഇല്ല
केयर परवाह,പരിചരണം
स्पेशल,പ്രത്യേക
कुक,പാചകക്കാരൻ
खास,പ്രത്യേക
मानती,സമ്മതിക്കുന്നു
मैंने,ഞാൻ
किया,ചെയ്തു
टिका,ഹിംഗുകൾ
आरती,ആരതി
बहिन,സഹോദരി
टर्न,തിരിയുക
चैंट,മന്ത്രം
सी,സി
लड़का बॉय,ബോയ് ബോയ്
बफफ,ബഫ്
फ्रेंड्स,സുഹൃത്തുക്കൾ
प्यारे बेस्टेस्ट,പ്രിയ മികച്ചത്
मैदान,നിലം
आजा,വരൂ
मैदान\,ഫീൽഡ്
खेल कूद,സ്പോർട്സ് ജമ്പ്
डॉग्स,നായ്ക്കൾ
फाइनली,അവസാനമായി
नहाऊंगा,കുളിക്കും
घास,പുല്ല്
आलिआ,ആലിയ
भट्ट,ഭട്ട്
कट्टी,കാറ്റി
येल्लो,മഞ്ഞ
बै,ഭായ്
मी,എം
िफ़,िफ़
रॉंग,തെറ്റാണ്
डंगरौद,ഡങ്‌റോഡ്
बाद,ശേഷം
दी,നൽകി
ब्यौरे,വിശദാംശങ്ങൾ
बुरे,മോശം
पिक्चर,ചിത്രം
विथ,കൂടെ
सनशाइन,സൂര്യപ്രകാശം
शुगर,പഞ്ചസാര
दिलवाले,ദിൽ‌വാലെ
गॉर्जियस,ശുഭ്രവസ്ത്രം
ड्राप,ഡ്രോപ്പ്
डेड,മരിച്ചു
कम्पलीट,പൂർത്തിയായി
वरशिप,ആരാധന
दलसे,ഡാൽസെ
पैर,കാലുകൾ
मैंट,മന്ത്
शार्ट,ഹ്രസ്വ
हॉट,ചൂട്
शाय,കിടക്ക
डंगरुड,ഡങ്‌റുഡ്
हैव,ഉണ്ട്
सांग फॉर,ഗാനം
यु,വൈ
इट,അത്
पसीना,വിയർപ്പ്
विटामिन,വിറ്റാമിൻ
फलंग,ഫലാങ്
गिरन,ഗിർൻ
बटरफ्लाईज़,ചിത്രശലഭം
बुय,വിതയ്ക്കുന്നു
ब्रेथ,ശ്വാസം
अवे,അകലെ
वाइट,വെള്ള
में बैग,ബാഗ് ഇൻ
पेज,പേജ്
पंत,പന്ത്
यूनिफार्म ड्रेस,ആകർഷകമായ വസ്ത്രധാരണം
पिलो,മഞ്ഞ
लगेगी,നോക്കും
करले,കാർലെ
फोड़,പൊട്ടുന്നു
ी\टाई,ശ്രീ ടൈ
आओ,വരൂ
पेपर,പേപ്പർ
पांच,അഞ്ച്
मिनट,മിനിറ്റ്
मिन,മി
मई,മെയ്
जानती,അറിയുക
दन्त,പല്ലുകൾ
सब्ज़ी,പച്ചക്കറി
लेने,എടുക്കുന്നു
साग,പച്ചിലകൾ
ले,എടുക്കുക
रिश्तेदार,ആപേക്ഷികം
मम्मी मम्मा,മമ്മി മാമ
आने,വരുന്നു
डांट,ഭീഷണിപ്പെടുത്തുന്നു
खाना है,ഭക്ഷണം കഴിക്കുക
चूड़ी,വള
सफाई करने दे,വൃത്തിയാക്കട്ടെ
धूल,പൊടി
मेहमान,അതിഥികൾ
मिलेगा,ലഭിക്കും
नौप,ന up പ്
नहीं ना,ഇല്ല
ग्रे,ഗ്രേ
शेड्स,ഷേഡുകൾ
मीटिंग,യോഗം
फ्राइडे,വെള്ളിയാഴ്ച
हेट,ഹെറ്റ്
मोंडेस,മോണ്ടെസ്
नहीं पसंद,ഇഷ്ടപ്പെടുന്നില്ല
डू,ഡൂ
काम करो,ജോലി ചെയ്യുക
दोनोट,ഡോണോട്ട്
दोने,രണ്ടും
अभी नहीं,ഇപ്പോൾ അല്ല
चाइए,ചായ്
ब्लूए,ബ്ലൂ
जिदने,ധാർഷ്ട്യം
फ्लोर,നില
रूनी,റൂണി
ताल,കേഡൻസ്
बीआरओ,BRO
डेविल्स,പിശാചുക്കൾ
वास्,ആയിരുന്നു
मेस्सिंग,സന്ദേശമയയ്ക്കുന്നു
अराउंड,ചുറ്റും
हैंड,കൈ
रेड्स,ചുവപ്പ്
ग्लोरी,മഹത്വം
बाल्ड,കഷണ്ടി
बब्द,വാക്ക്
बेंड,വളയുക
बेकहम,ബെക്കാം
नेवर,ഒരിക്കലും
वाक,പ്രസംഗം
अलोन,ഒറ്റയ്ക്ക്
रुशिंग,തിരക്കുകൂട്ടുന്നു
स्टक,സ്റ്റോക്ക്
ट्रैन,ട്രാൻ
बुर्नेद,കത്തിച്ചു
ओट,ഓട്സ്
कीबोर्ड,കീബോർഡ്
ट्रैफिक,ട്രാഫിക്
भीड़,ആൾക്കൂട്ടം
गेटिंग,ലഭിക്കുന്നു
ड्रेस्ड,വസ്ത്രധാരണം
त्यार,തയ്യാറാണ്
होना,ആകാൻ
थाबाद,തബാദ്
थाबड़,തബാദ്
ढोलक,ഡ്രമ്മർ
तबला,തബ്ല
बजाओ,Blow തി
कच,കച്ച്
डिस्क,ഡിസ്ക്
पियानो,പിയാനോ
पुंगी,പുങ്കി
बजेगगी,ഓക്ലോക്ക്
फॉलो,പിന്തുടരുക
माया,മായ
लीड,ലീഡ്
दूंगा,നൽകും
ड्रम,ഡ്രംസ്
सेट,സെറ്റ്
वन्ना,വണ്ണ
कम,കുറവ്
व्हाई,എന്തുകൊണ്ട്
टोटली,ടോട്ട്ലി
वर्थ,വില
मदर,അമ്മ
भगवन,ദൈവം
मुम्मा,മമ്മ
कॉन्टिनोएड,തുടരുന്നു
लकी,ഭാഗ്യം
इवू,ഇവു
ष्यौर,സോളാർ
साइंस,ശാസ്ത്രം
केमिकल,കെമിക്കൽ
टेस्टोबे,ടെസ്റ്റോബ്
टुब,ടബ്
खिलाओ,ഫീഡ്
बोरिंग,ബോറടിപ്പിക്കുന്നു
इसको,ഇത്
टीचर,ടീച്ചർ
किसने,ആരാണ്
काजल,കാജൽ
फैला,വ്യാപിക്കുക
समुद्गे,കമ്മ്യൂണിറ്റികൾ
मरूंगा,മരിക്കും
बहोत,പലരും
लोड,ലോഡുചെയ്യുക
माय रूल्स,എന്റെ നിയമങ്ങൾ
रूल्स,നിയമങ്ങൾ
मेरे हैं,എനിക്ക് സ്വന്തമാണ്
देख,കാണുക
गाए,പാടുക
क्रश,ക്രഷ്
पहना,ധരിച്ചു
अछि,കൊള്ളാം
थैंक,നന്ദി
छोडूंगा,പോകും
लट्टू,പോണിടെയിൽ
लूंगा,എടുക്കും
ग्लव्स,കയ്യുറകൾ
लैला,ലൈല
चिलौंगा,ചില്ലോംഗ
ठरकी,സ്റ്റിംഗ്
करंट,നിലവിലുള്ളത്
मरती,മരിക്കുക
लौंडा,കെറ്റിൽ
लफंगा,ലഫംഗ
फ्रंशी,ഫ്രഞ്ച്
फ्रेंडशिप,സൗഹൃദം
फ्लावर्स,പൂക്കൾ
पलट,പഴയപടിയാക്കി
ठरक,സമരം
बजौ,ബജോ
सांग्स,ഗാനങ്ങൾ
चलेगी,ഓടും
मोमबत्ती,ഒരു മെഴുകുതിരി
उजाला,പ്രകാശം
गुड,കൊള്ളാം
मिक्की,മിക്കി
मेमोरीज,മെമ്മറികൾ
दास्य,ബോണ്ടേജ്
डक,താറാവ്
बतख,താറാവ്
कार्टून्स,കാർട്ടൂൺ
इंसाने,വഴിയിൽ
मेटली,മെറ്റലി
हिलारिणास,ഹിലാരിയാന
बचपन,കുട്ടിക്കാലം
माउस,മൗസ്
फोर्बिडन,നിരോധിച്ചിരിക്കുന്നു
रोमांटिक,റൊമാന്റിക്
इट्स,ഇത്
स्टार्टस,ആരംഭിക്കുന്നു
विथ आ,വരൂ
ओने,ഒന്ന്
सबके,എല്ലാത്തിലും
जनम,ജനനം
कीतरस,കേതരസ്
माउस है,മൗസ് ആണ്
एकदम,എല്ലാം
टॉस,ടോസ്
सेल्ल,സെൽ
स्कर्ट गर्ल,പാവാട പെൺകുട്ടി
स्मूथ,മിനുസമാർന്നത്
डिलीवरी,ഡെലിവറി
सेल,വിൽപ്പന
१२थ,12 थ
क्रिकेक्ट,ക്രിക്കറ്റ്
कूद फैन,ജമ്പ് ഫാൻ
बता,പറയുക
मोबाइल फैन,മൊബൈൽ ഫാൻ
सेफ्टी,സുരക്ഷ
फर्स्ट,ആദ്യം
बाँट,വിതരണം
सचिन,സച്ചിൻ
ा बे,ബേ ബേ
चक्का,ഫ്ലൈ വീൽ
चौका,ഫോർസോം
मारा क्रिकेट,ക്രിക്കറ്റ് അടിക്കുക
उसने,അവൻ
स्टंप,സ്റ്റമ്പ്
बॉल्स,പന്തുകൾ
थिस इस,ഇതാണ്
२०,20
उगता,ഉയരുന്നു
पौधा,പ്ലാന്റ്
आगयी,അഗ്നിജ്വാല
वर्ड,വാക്ക്
पससवर्ड,പാസ്‌വേഡ്
आगे,കൂടുതൽ
घुस,മലകയറ്റം
टी,ടി
ऐश,ആഷ്
ुदलो,ुदलो
पापा डैडी,പപ്പാ ഡാഡി
सांगत,പറയുന്നു
पद,പോസ്റ്റ്
गया है,പോയി
हो तुम,നിങ്ങളാണോ?
हेड,തല
देखि,മുതൽ
गोल,ലക്ഷ്യം
लूसिंग,ലസ്സിംഗ്
सर,സർ
गिरना,വീഴാൻ
जमीन,നിലം
प्रोग्राम्ड,പ്രോഗ്രാം ചെയ്തു
प्रोग्राम,പ്രോഗ്രാം
बोत,കുപ്പികൾ
डाउनलोड,ഡൗൺലോഡ്
ईंटो,ഇഷ്ടിക
नट्स,പരിപ്പ്
लो,എടുക്കുക
स्क्रू,സ്ക്രൂ
करना चाहत,ആഗ്രഹിക്കുന്നു
सिग्न,സൈൻ ചെയ്യുക
प्लेस,സ്ഥലം
फील,അനുഭവപ്പെടുക
महसूस,അനുഭവപ്പെടുക
बिटवीन,ഇടയിൽ
स्पार्क,തീപ്പൊരി
चिंगारी,തീപ്പൊരി
बीच,മധ്യഭാഗം
सर्किट,സർക്യൂട്ട്
करब,കാർബ്
वायर्स,വയറുകൾ
बत्ती,പ്രകാശം
बम्बू,മുള
लेले,ലെലെ
सोकड़ा,സോക്ര
लौरा,ലോറ
लसां,വാക്സിനുകൾ
साथी,സഹ
मोमो,മോമോ
अखरोट,വാൽനട്ട്
दूंगी,നൽകും
आदि,മുതലായവ
मंडी,മാർക്കറ്റ്
शांडि,ഷാണ്ടി
चूड़ियां,വളകൾ
बँगलेस,ബംഗ്ലെസ്സ്
अस्स,അസി
गधा,കഴുത
सुक,സുക്
घोसला,ഘോസ്ല
आम,സാധാരണമാണ്
टक्के,ശതമാനം
लारी,ലാറി
जुग्गेणोत,ജുഗ്‌നോട്ട്
फोर्क,ഫോർക്ക്
खीरा,കുക്കുമ്പർ
विश,ആശംസിക്കുന്നു
वेल फॉर,നന്നായി
यू नॉट,നിങ്ങൾ അല്ല
नहो,നോഹ
भला,ശരി
होप,പ്രതീക്ഷ
लेस्स,ലെസ്
क्रेअटुरे,സൃഷ്ടി
फेस,മുഖം
चेहरा,മുഖം
बोर,ബോറടിക്കുന്നു
मझे बोरियत,എന്നെ ബോറടിപ്പിച്ചു
बोरियत,വിരസത
एनिमल,മൃഗം
जानवर,മൃഗം
सुररौनडेड,ചുറ്റും
इडियट्स,ഇഡിയറ്റ്സ്
बुद्धू,ഇഡിയറ്റ്
फरक,വ്യത്യസ്തമാണ്
पड़ता,വെള്ളച്ചാട്ടം
मर्द,മനുഷ്യൻ
तौह्त,സ്‌പർശിക്കുക
हिम,മഞ്ഞ്
मूव्स,നീക്കുന്നു
स्वीपर,സ്വീപ്പർ
बाजु,വശത്ത്
हैट,തൊപ്പി
स्तुन्निंग लड़की,കേൾക്കുന്ന പെൺകുട്ടി
क्वीन,രാജ്ഞി
िष्ट्यले,िष्ट्यले
फवौरीते,പ്രിയപ്പെട്ടവ
नो नहीं,ഇല്ല
बट,ബട്ട്
समझा,മനസ്സിലായി
खुदको,സ്വയം
सोन,മകൻ
एंग्री,ദേഷ്യം
ऐटिटूड,മനോഭാവം
दिखा,കാണിക്കുന്നു
सुधरेगा,മെച്ചപ്പെടുത്തും
हट,കുടിലുകൾ
ज़्यादा,കൂടുതൽ
सीरियस,ഗുരുതരമായ
चित्तर,ചിത്താർ
कहनी,കഥ
औकाद,ആകാദ്
रह,താമസിക്കുക
बिसनेस,ബിസിനസ്സ്
लसन,പുൽത്തകിടി
भैंस,എരുമ
आंख,കണ്ണ്
खाएगा,കഴിക്കും
बीते दिन,ദിവസങ്ങൾ കടന്നുപോയി
ठंडक,തണുപ്പ്
हेहे,ഹേ
रैंबो,റാംബോ
महौबत,സ്നേഹം
थक गया,ക്ഷീണിതനായി
एवेंजर,അവഞ്ചർ
परेशानी नहीं,കുഴപ്പമില്ല
लेडी,ലേഡി
बढ़ावा,ബൂസ്റ്റ്
दुनिया के बहार,ലോകത്തിന് പുറത്ത്
प्यार नहीं,സ്നേഹമില്ല
बच के रह,ജീവനോടെ തുടരുക
तैयार रहो,തയ്യാറാകുക
समझाऊ,വിശദീകരിക്കുക
लड़की,പെൺകുട്ടി
लड़का,പയ്യൻ
न्यूज़,വാർത്ത
बहम,ബഹ്
कमेंट्री,കമന്ററി
बुक,പുസ്തകം
बस्ता,ബാഗ്
चल पार्टी करते हैं,നമുക്ക് പാർട്ടി നടത്താം
पुराणी बाते,പഴയ സംസാരം
उबासी,ബോറടിക്കുന്നു
बढ़िया करना,പിഴ
पढ़ाई,പഠനങ്ങൾ
मज़्ज़े,ആസ്വദിക്കൂ
मज़े,ആസ്വദിക്കൂ
ढूंढना,കണ്ടെത്താൻ
फोन खराब,ഫോൺ മോശമാണ്
नकाब,മാസ്ക്
होपाएगा क्या,നിങ്ങൾ പ്രതീക്ഷിക്കുമോ?
गुंडागर्दी,ഗുണ്ടായിസം
काला धन,കള്ളപ്പണം
डेरे,ക്യാമ്പ്
मेरे  लिए,എനിക്ക്
पड़ा,നുണ പറയുന്നു
रोमियो,റോമിയോ
स्वैग,സ്വാഗ്
मेरा भारत,എന്റെ ഇന്ത്യ
जवान जवान,ചെറുപ്പക്കാരൻ
देश पर,രാജ്യത്ത്
ब्रो,ബ്രോ
पाकक,പാചകക്കാരൻ
तालाब,കുളം
दिखे,കാണാം
चींटी,ഉറുമ്പ്
कोबरा,കോബ്ര
राजा जंगल,കിംഗ് ഫോറസ്റ്റ്
इन्सेक्ट,പ്രാണികൾ
आजाएगा,വരും
कंगारू,കംഗാരു
नहीं डेरे,ക്യാമ്പില്ല
पसंद मझे,എന്നെപ്പോലെ
पकहना गुस्सा,ക്ഷോഭം
आगया तुम्हारे लिए,നിങ്ങൾക്കായി വരൂ
फल,ഫലം
भी बोल,സംസാരിക്കുക
नहीं करती,ഇല്ല
लड़ाई छेद,ദ്വാരം പോരാടുക
छेड़ना,കളിയാക്കാൻ
रक्षा बंधन,രക്ഷാ ബന്ധൻ
टावर,ടവർ
आजा पार्टी करते हैं,നമുക്ക് പാർട്ടി നടത്താം
घर का खाना,വീട്ടിലെ ഭക്ഷണം
कुछ समझ नहीं आरा,അർത്ഥമില്ല
दारू चाइए,ചായ് കുടിക്കുക
पेट दर्द,വയറുവേദന
कुक मॉम,അമ്മയെ വേവിക്കുക
माँ के लड्डू,മാ ലഡൂ
नहाना,കുളിക്കുന്നു
पेड़,മരം
फ़ोन,ഫോൺ
इंतज़ार,കാത്തിരിക്കുക
लड़,യുദ്ധം
नज़र,രൂപം
ख़तम,മികച്ചത്
भड़क भड़काऊ,ജ്വലിക്കുക
देर इंतज़ार,വൈകി കാത്തിരിക്കുക
घड़ी,ക്ലോക്ക്
नाराज़,ദേഷ്യം
कबाड़,ജങ്ക്
ज़्यादा,കൂടുതൽ
अफ़सोस,ക്ഷമിക്കണം
फ़ोन्स,ഫോണുകൾ
ज़माने,കാലഘട്ടം
नरगाज़ी,നർഗാസി
अख़बार,പത്രം
पेड़ बहुत,മരം വളരെ
माफ़ी,ഒരു ക്ഷമാപണം
लाड़ली,പ്രിയ
पिघलता,ഉരുകുന്നു
वक़्त,സമയം
बनोगी,നിങ്ങൾ ആകുമോ?
नाही,ഇല്ല
इश्क़,സ്നേഹം
ऑल्वेज़,എല്ലായ്പ്പോഴും
पड़ा,നുണ പറയുന്നു
में बस,ഞാൻ
मिस यू,മിസ് യു
मेरी ज़िन्दगी,എന്റെ ജീവിതം
लव यू फॉरएवर,നിന്നെ എന്നും സ്നേഹിക്കുന്നു
प्रोपोज़,നിർദ്ദേശിക്കുക
आशिक़,കാമുകൻ
क्या हाल,സുഖമാണോ
जैकेट,ജാക്കറ്റ്
रोज़,ദിവസവും
मज़ाक उड़ाना,കളിയാക്കാൻ
चिड़ाना,കളിയാക്കാൻ
कब्बर,കബ്ബാർ
चढ़गई,കയറി
बरसे,വർഷങ്ങളായി
धनायड,ധനൈഡ്
बिनकूलर्स,ബൈനോക്കുലറുകൾ
नियम,നിയമങ്ങൾ
समज,മനസ്സിലാക്കുന്നു
लड़क,ആൺകുട്ടികൾ
लड़ाई,പോരാട്ടം
फाड़,കീറുന്നു
पढ़ना,വായന
उड़ा,.തുക
पैसा खाया,പണം കഴിച്ചു
हो सकता,ആകാം
सौ-सौ,നൂറ്
गेंद,പന്ത്
विकेट कीपर,വിക്കറ്റ് കീപ്പർ
लड़के,ആൺകുട്ടികൾ
साले ोई,സഹോദരൻ
कृषि,കൃഷി
एकदम पूरा,ശരി
ख़ुशी,സന്തോഷം
ज़हीर,സഹീർ
बैटिंग,ഇരുന്നു
कुर्ती,കുർത്തി
नववधू,മണവാട്ടി
विवाह,വിവാഹം
जीवनसाथी,ആത്മാവ് ഇണ
मराठी,മറാത്തി
वैवाहिक,വിവാഹിതർ
लग्न,കല്യാണം
वधू शोधत,മണവാട്ടിയെ തിരയുന്നു
अभिनंदन,അഭിനന്ദനങ്ങൾ
चहा,ചായ
मोह्हबत,സ്നേഹം
लोवेरिआ,ലൊവേറിയ
