jhappi,
hostel,
partaaay,
ooo,
undead,
super hero,
nomessage,
pitega,
guju,
readityourself,
homemaker,
happing,
stars,
friendzoned,
bolt,
writing,
fingers,
blanks,
binnes,
card party,
understood,
happening,
kid,
bahotkhaliya,
fruits,
her,
udhar,
sewing,
princessmaterial,
naach,
donald,
aicha,
sawaal,
agarbatti,
sitting,
shock,
exclamation,
let'sgoout,
leavingnow,
gujarat,
jayen,
finger,
kharab,
dialog,
kalajadu,
nig,
mombs be like,
splash,
suttamar,
reasons,
glass,
drunk night,
ok bye,
iceicebaby,
oh my god,
Demonetisation,
nonono,
files,
swami,
karant,
bajiraomastani,
lve,
saif,
mano,
female,
popular,
ghora,
skate board,
phucktard,
catch,
laughter,
9,
dry,
ajto,
bollywoodmother,
annoying,
local transport,
fire,
around,
cigarette,
gaj,
snowball,
keep,
win,
how,
marenge,
honesy,
baesaysyouarecute,
to slap,
yaya,
masti ke din,
naukar,
ganapti,
withyou,
tvf,
dolls,
ho,
snowman,
pakoda,
loveyousister,
sazaa,
organize,
gopal,
wewearpink,
reproductivesystem,
heist,
dump,
stockings,
nofucksgiven,
indian man,
ready,
school,
key,
bhutta,
sabse,
rubbish,
lookwhostalking,
throne,
hehehe,
celebrating,
let'shitthegymtogether,
dreambig,
bhabhi,
diwali shopping,
toota,
welcome,
newadventures,
bhook,
shukla,
chatends,
hallelujah,
work culture,
theektheek,
musician,
whot,
at,
sweeter,
faad,
inlaws,
pumpkin,
ramzan,
chashma,
kitab,
pondering,
flower,
hangout,
maya,
mamas boy,
hangin,
nani,
jhingalala,
namasteauntyji,
dharti,
bowl,
snake,
business idea,
piss,
bash,
nation,
tumharanaamkyahai,
easy,
sure,
mehnatkar,
getoutofmyface,
strawberry,
CHOTE,
minnie,
likes,
deva,
dawai,
love and hugs,
tang,
sharaab,
old,
smartass,
was,
falling,
thabad,
wakrup,
humari,
guys,
drunk,
motivator,
heads,
well,
makhathkakhana,
kay,
blackmagic,
racer,
samjha,
mukka,
importedhai,
let'smaketodaytotallybeautiful,
affair,
corn,
chak,
aap,
swag,
fast,
abhiyaan,
todengey,
full toss,
paglait,
bech,
tight,
aquarianwoman,
ekekpatialapeghojaye,
sau,
green,
gaye,
mummified,
arghh,
pleasereply,
sehet,
enthu,
bache,
incredible,
ajay,
bole,
bus,
men,
cape,
bada,
gaja,
lies,
maano,
meeting,
olding,
hollii,
himalaya,
adventure,
lighting,
toogood,
trigger,
chod,
behan,
massbunk,
ariel,
pressure,
gobhi,
lot,
lovelyday,
ring,
lena,
ambition,
spooky,
deepika,
shareyourloaction,
cooking,
beta,
sayyestonewadventures,
error,
classattend,
american politics,
money,
ValentinesDay,
excited,
doubt,
diwali cleaning,
well done,
angry,
mortin,
holding,
udaoo,
pehalwaan,
cowboy boots,
beach,
needed,
humse,
held,
cards party,
shaadi,
matt,
surprise gift,
cheeze,
burger,
befitasafiddle,
preach,
trees,
shudh,
smart ass,
tom and jerry,
jk,
voyage,
plants,
relationships,
hundredpercent,
gateway,
lenahai,
hon,
noidea,
happy holiday,
khanaa,
gilr,
winking,
tim southee,
mainjungleehoon,
kaltti,
david beckham,
elder,
notfake,
chalbetakatle,
ha,
barbad,
upside,
dialogue,
wah,
padenge,
jumper,
rightchoice,
compaining,
play holi,
don'tdance,
sleep,
car broke down,
caught you,
phucks,
citizen,
dollar,
rapchikmaal,
banda,
located,
anna,
gymming,
jaa,
terrace,
shake,
kaun,
left,
no bath,
hulk,
ghosts,
hopelesscraetures,
mommy,
crow,
forever,
mosque,
fields,
tharki,
anu malik,
kohl,
nicker,
freebird,
brokemynail,
the jetsons,
tiger,
drums,
dontangryme,
yejawanihaideewani,
sayyes,
choriyon,
youcaneatmefordinner,
wait,
shoot,
gho,
so,
raise,
mango,
kiss,
shopkeeper,
saala,
yaad,
barsoramdhasakese,
canchangeyourlife,
minds,
packet,
papakoaanede,
batman,
working out,
explosion,
telnikalgaya,
matki phod,
selfobsession,
patang,
tane,
warm,
confused,
triangle,
confidentinyourskin,
rajni,
mela,
makingnotes,
happynewyear,
letsdo,
investor,
bark,
mah,
minni,
load,
sudhrega,
tea,
desisuperman,
cook,
mickey,
bhoot,
makar,
alcoholic,
stay,
punching,
suarkebachho,
thand,
shahrukh,
weddings,
clown,
Gangreen Gang,
cha-cha-cha,
rooney,
chai,
egypt,
buddy,
let'sgo,
dote,
child,
durga,
wordhard,
shopaholic,
bumrah,
sabjantihu,
dust,
pretty,
cannotcandleme,
bhagwanbharose,
modi,
beingsingle,
celebrate,
mithai,
bythepeople,
ayasawanjhoomke,
good luck,
missprincess,
latetowork,
shirt,
value,
trishool,
humey,
believe,
hugmequick,
grandmom,
cheering,
lapetliya,
alia,
lamo,
didi,
bharat,
pride,
mesh,
mummy,
letsmeetup,
lovin,
papa,
argentina,
rockstar,
cats,
kauwa,
growthgraph,
blood,
collegejanahaikya,
truelove,
s,
whats up,
credit card,
hillstation,
snap,
explore,
clothing,
gaya,
housewide,
happytravelling,
modak,
myselfbajrangibhaijaan,
aadmi,
cancerian,
you'resuchasweetheart,
public,
hide,
frog,
envy,
mithuna,
honesty,
admired,
dead,
atetoomuch,
thali,
early,
flat tyre,
whatthefuck,
parade,
fully,
drying,
trouble,
dj,
shanti,
kon,
professor,
entrykarwade,
gyan,
group hug,
angrezokezamane,
baathroom,
year,
givemeahug,
route,
the states,
go go govinda,
fallinginlove,
hame,
bass,
bahut,
weights,
poem,
selfportrait,
singlegirl,
bump,
krishna,
week off,
youarepsychotic,
bapu,
trave,
phansi,
dukan,
bosslady,
chalna,
flute,
holyphuck,
jaoussisebaatkaro,
traditionalc,
growth,
diwali bonus,
multitasking,
coins,
hyderabad,
laal,
mercy,
jasmine,
countru,
irritated,
tumharanaam,
appreciation,
wali,
practising,
onvacation,
on,
notoragging,
claus,
afford,
much,
every,
geeli,
scorer,
godvsman,
saara,
janmashtami,
dayi,
bad,
ashiqui,
makeitwork,
winter,
hoolah hoop,
cominglate,
dekhle,
c'estlavie,
mohabbatkimaari,
sad employee,
indian cricketers,
bhagwan,
warrior,
something,
whats,
lazy,
not,
ajaysharma,
aurora,
taste,
truestory,
location,
beertray,
nice,
#senatorfinch,
bomb,
awwww,
try,
aries,
overtlyattached,
mother in law,
criticism,
jaljeera,
suitcase,
lungi,
abdomin,
kashibai,
punch,
crazy,
aavjo,
meri,
proxy,
lovecooking,
converse,
bossuri,
bearded,
joker,
humare,
bade miyan,
man,
jharu,
yaara,
shiv,
cricket commentary,
girlbonding,
smooth,
mosquito,
aryan,
spoon,
grandpa,
job,
mobarak,
enjoy,
surfboard,
deck,
zada,
bichmeinmatbol,
fighters,
moon,
poop,
dive,
chhodunga,
mogambo,
behen,
youarestillakid,
dress,
sabmohmayahai,
khoj,
acting,
kitty,
surroundedbyidiots,
kareen,
photo,
iamwild,
paranthas,
reading,
want,
abhaydeol,
happyroseday,
blackmail,
paltan,
hru,
keepcalm,
practise,
outofclass,
coke,
satakli,
bade,
ant,
cuttingchaye,
welcoming,
getlost,
train,
ajaydevgn,
raining,
bemyvalentine,
alfred,
summerover,
woman in towel,
psychiatrist,
celerating,
cheer,
keepitclean,
apparel,
reporting,
coconut,
lousy,
commentary,
meal,
Iamyourinspiration,
shut,
chitwan,
pink,
suraj,
ddlj,
twist,
jabwemet,
bro,
internet,
chunamatlaga,
guy',
mana,
pholjhadi,
achahaibahutachahai,
bhiya,
dar,
cancerianwoman,
messed,
silky hair,
sports,
diya,
beerday,
hunger,
teach,
missle,
swaadaagya,
irish,
i'msad,
slim,
sorry,
madhuri,
partytime,
hoyla,
stop me,
trousers,
sardar,
stayhungry,
johnny,
nausebara,
champagne,
paise,
stopbeingobsessedwithme,
dekh,
conversations,
gifts,
faree,
wanting,
bhari,
thirsty,
tub,
kuttoksamnematnachna,
seedhi,
love you,
laziness,
shameonyougirlsiamstillabachelor,
whyareyouignoring,
valentines,
pickle,
think,
phuckoff,
rkshabandhan,
jumping,
tv,
push,
five,
trip,
regime,
rag,
aapsabkaswagathai,
abuse,
colored,
moodkharab,
toh,
mic,
sari,
yay,
imcomingbaby,
miss,
myth,
shoppinginmyblood,
tumahara,
valentine,
he,
sisters,
ladki,
hath,
cha,
cab sharing,
thumbsup,
empowering,
american elections 2016,
bajrangibhaijaan,
metawomanlikeme,
trick,
phuckmylife,
make up,
gift,
raveenatandon,
planner,
mumbai metro,
studies,
dhyando,
ekbaar,
sisterinlaw,
kab,
Iamaboss,
replykaro,
cricket fans,
finally,
animal instincts,
oh,
lovesme,
a,
walk,
momlovesmemore,
workload,
stunner,
booze,
showing,
J&K,
nanikikahaniya,
ussi,
christmas decorations,
sweetdreams,
mirza,
jaanu,
bachha,
broken,
bhaang,
divas,
wannagrababite,
monies,
t,
ohmygod,
noresolution,
haalchaal,
uski,
hoes,
healthfood,
thakur,
allthesingleladies,
jaaenge,
ujala,
rightnow,
twister,
traditional,
lying,
whoishere,
social media,
hudson,
campaigns,
scientist,
changemyfate,
fuck,
stealdeal,
miyanbhaikidaring,
iloveyoutoo,
carriage,
maggi,
boxinggloves,
chura,
lots,
dhaakad,
mal,
flowers,
watch,
baja,
social,
tee,
jal,
lookingforanewworld,
apni,
choron,
online,
pull,
kauva,
samjho,
indoor,
kach,
unforgettablethings,
compatibility,
marriage,
toofanikartehai,
badresult,
payenge,
giving,
tasteexplosion,
political party,
lionel,
haryanvi,
maar,
plan,
dill,
onceuponatimeinmumbai,
aapdevilkepeeche,
hug,
booo,
khulla,
nikaalo,
bondedlabour,
pyaar ke rules,
amrish puri,
never,
salt,
dislike,
junglee,
abhi,
arjunkapoor,
bodyguard,
yearn,
naughty,
jaanti,
yellow,
babayyouarefirework,
baras,
Valentine's,
wtf,
rainfootball,
Him,
national flag,
looks,
libranman,
festive,
boxing,
all,
ironman,
yaarandatashan,
match night,
it,
patangkat,
wool,
workig out,
great,
contant,
sadhu,
lyinginbed,
nakhre,
moma,
wash up,
owner,
dushera,
rise,
rajnikanth dialogues,
lexluthor,
chitvan,
asana,
result,
suit up,
muscles,
hanger,
attention,
notsinglethisyear,
poetry,
signing,
silk,
cleaning,
lovelysingh,
wicked laugh,
indian crickter,
urmine,
blue,
imaginary friend,
bouquet,
bend,
ishk,
mum,
baahar,
khokekichai,
remember,
kudi,
aa,
nikla,
The Coyote,
3rd,
zeroperiod,
tallihua,
that,
lovemakeup,
peace out,
jabi,
tomato,
insha,
puja,
nom,
rakh,
happyvalentnes,
chaturthi,
PDA,
hot,
sold,
donald trump hair,
chatalanabhoolgaya,
kamnia,
dafuq,
cricket world cup,
cholikepeeche,
wish,
ex,
fashion,
lotsofkisses,
majnu,
understand,
scorpiogirl,
paagal,
baatkar,
single,
5min,
kaisi,
too hot,
sabsebada,
ends,
toss,
fight,
honey,
youneedadoctor,
azadi,
meen,
liver,
belle,
tapri,
Argentine,
noreturn,
aasu,
adventurer,
rainy day,
shoppingcart,
sunn,
happyteddyday,
exampressure,
gol,
alive,
jootey,
gym,
mainhoonna,
healthy,
saare,
puchchi,
pattys,
impress,
stronger,
mute,
congratulations,
red sweater,
weary,
bonapetite,
ganesh,
politics,
se,
ravan,
tasty,
nana,
loaded,
loves,
hoisting,
silence,
race,
spicedtea,
bitch,
point,
vrishchik,
blowing,
don'tteachme,
festive wear,
seniorhoo,
leo,
tereliyelegskafihai,
namaz,
fastest,
mere,
don'tcare,
cousin,
normal,
timepass,
god of cricket,
pick,
sadness,
chocolates,
looney toons,
tata sky,
danceintherain,
humara,
kaat,
clouds,
kehnakyachahteho,
dosti,
wamr,
best friend,
wannatrymeout,
maid,
mascara,
beforeandaftermarriage,
sexy secretary,
bhaav,
owe,
prakashraj,
duck,
hilary clinton,
girl in washroom,
drenched,
hurrah,
prettywoman,
honest politicians,
leoguy,
upar,
capricornwoman,
bey,
demand,
drizzle,
parent,
gopala,
surprise,
match score,
tolbhaav,
asdventurous,
chaniya,
spinner,
girl friend,
jolly,
indian sitcom,
kashi,
tumhara,
tonite,
height kam,
richie rich,
geminiguy,
baka,
b,
thediva,
birthday party,
inspirational,
allpumpedup,
paglet,
dexter,
runout,
bous,
diva,
pisceanguy,
sundae,
exchangeideas,
worlds,
puye,
notwell,
beti,
u,
sunglass,
bhej,
indecisive,
motilagrahihu,
tea shop,
nagadwale,
kara,
padhnede,
butter,
open,
hitthegym,
enthusiasm,
trippin,
pehladin,
filmy,
legs,
server,
kidding,
chillaunga,
crocodile,
gulshan grover,
hell,
pyari,
hugz,
hugsandkisses,
long,
lost,
doomsday,
fans,
paisa,
robot,
rapchik,
beginning,
heart ache,
frozen,
punishmeforlove,
mobile phone,
actor,
waitingforyou,
copy,
I am,
manchester,
happy diwali,
dontbelate,
jailkichakki,
hangon,
pyaari,
adtogroup,
aurat,
heavenonearth,
rangoongi,
tasking,
khabar,
christmas gift,
ghurte,
doting,
chaiye,
devdas,
flavours,
festival,
sleeping,
happy new year,
detective,
snow flakes,
melt,
atakgayi,
make,
supported,
bhaiya,
dacoit,
luvubaby,
ct,
pants,
subhan,
partyawaits,
le,
slogan,
midnightsnacktime,
fishmarket,
loljoking,
benaffleck,
shaq,
bestfriend,
india,
sweat,
baech,
walo,
dynamic,
weekends,
arriving late,
dekhbehen,
everything,
indian team,
priyankachopra,
dreams,
momma,
toothbrush,
sab,
thi,
moneysaves,
ball,
animal,
luvyou,
dilbada,
maiyanbhai,
10rs,
fuck you,
pepsi,
given,
bats,
nahaya,
chocolate,
taurus,
brucewayne,
saree,
justdoit,
sir,
hithere,
class,
pujari,
miles,
tie,
fit,
indian cricket match,
pig,
idon'tcare,
shehnai,
friendzone,
none,
insecure,
masala tea,
whosupforpizza,
bura,
relish,
gitar,
akhri,
captain planet,
monthend,
near,
piece,
overconfidence,
lonely,
important,
shanapatti,
freshersparty,
doc,
water,
welcomeme,
indian shows,
beercrate,
iwillchangemyfate,
milestogo,
no wash,
foolish,
bappa,
gujurati,
chill,
dandiya,
following,
let'sbunk,
intoxication,
pehla,
khanakhaliya,
stealmyheart,
somethings,
indian actor,
puppy,
harley quinn,
interaction,
things,
chuna,
frown,
bolo,
chill pill,
rudolf reindeer,
liking,
girl in bathrobe,
doin,
grilfriend,
book,
nochance,
class test,
idosyncrasies,
tent,
bana,
wahh,
two,
rahe,
paisenahihai,
ice cube,
tearing,
puncture,
bajegi,
lazing,
vday,
srk,
american elections,
beating,
teaparty,
gnite,
imstuck,
later,
chilling,
jobolgayisobolgayi,
bowling,
fucker,
melody,
worldexplorer,
blow,
savetrees,
khan,
feast,
narahegaboss,
latecomer,
werewolf,
unwell,
petal,
teri,
eudaya,
flirtatious,
khayega,
kurta pyjama,
swiperightgirl,
catch you,
babe,
nokar,
sexy,
rightpath,
dosa,
loving,
trishul,
humko hum,
lunch,
poison,
superstar,
kannide,
aisenadekh,
few,
letitgo,
lookhere,
stuf,
auto,
killtime,
exchange,
phodte,
luck,
mayor,
merakalajaduchalgaya,
inquilab,
ja,
aapsabkaswagat,
tamil movies,
tap,
slang,
shaanpatti,
bike,
lmao,
rainbow,
jhoot,
2016,
janamshatami janmashtami,
bossifthehouse,
trump,
whataday,
ram,
et,
shree,
justchill,
chillmaro,
creepy,
butt,
end,
once,
congrats,
olympic,
dominating,
candy,
dreamisawish,
thumbs,
preityzinta,
injury,
collegejana,
didnojobs,
nagad,
hahah,
ladies night,
yay!,
harharmahadev,
wow,
bes,
parentteacher,
resting,
faila,
ishtyle,
blessings,
dheel,
galgadot,
worldly,
chronicles,
vada,
of,
dislikes,
girls night out,
naah,
catwoman,
padhna,
notesdedeyaar,
bal,
vanmoves,
ten heads,
sad,
lookingglass,
balloons,
lanka,
merapost,
flask,
workingout,
gloves,
invester,
badteacher,
goli,
maza,
lights,
sudamakichai,
wardrobe,
snacking,
chair,
kyu,
cheesy,
enemy,
hearts,
jolie,
going,
pyaar,
gaali,
issues,
getoutofmylife,
we,
england,
shinning,
masti,
clock,
room,
moment,
banana,
getreadyquick,
gunda,
fut,
tujhe,
jao,
lapet,
gaadi,
superawesome,
ladyteacher,
bandar,
munna bhai,
bas5minute,
tabiyat,
overweight,
firki,
farewell,
forgive,
batsman,
morya,
disappointed,
vs,
moh,
bas5min,
repeat,
bros,
place,
hindustani,
Kashmir,
maah,
yar,
dowhatyoulove,
flaoting,
unwind,
hua,
road,
kaddu,
jingle,
iamstunning,
errand,
mainepyarkiya,
letter,
propoing,
khuss,
psychotic,
savepaper,
arms,
kanaganaranaut,
slumber,
luggage,
mygirls,
chipak,
again,
nurse,
sites,
in,
grinch,
wash wash up,
intuitive,
bheja,
johnny bravo,
indian citizen,
bitching,
vaat,
smokes,
seller,
party,
indoors,
celebring,
jaanmatkhao,
grimreaper,
wohoo,
ending,
relationship,
vote,
bik,
merida,
khali,
save,
frolic,
phansikaphanda,
pungi,
item,
employee,
stud,
kudo,
tensionnahileneka,
less,
famous,
lackofbrains,
tol,
pumpup,
attacking,
kapoor,
machine,
tamil actor,
clean up,
phone,
chandan,
misaale,
peeney,
holidays,
firey,
jama,
i do,
chaapli,
littlemermaid,
swimwear,
goodthings,
hillary,
society,
sharelocation,
books,
indian,
choose,
jadu,
haunsla,
mihabbatkihaiaiyashinahi,
capricorn,
cheat,
dekhbehan,
ladka,
drinking,
huva,
softy,
bhaiofbollywood,
matram,
everymomentmatters,
diwlai celebration,
donald duck,
noice,
dumb,
boat,
mocktail,
bebo,
bindi,
sweetheart,
zzz,
no balance,
plis,
mataram,
sorrybaby,
workstation,
sloshed,
vickymalhotra,
ding,
croc,
cheerings,
bolte,
snowwhite,
shana,
govinda,
woke,
the,
peg,
toweldance,
brea,
hopeless,
robert,
peanuts,
choices,
top,
lookwhoishere,
hai jee,
balancing,
fallingforyou,
waitingformyprince,
net,
jungleehumain,
chote miyan,
boots,
riding,
young,
ruined,
toop,
holyfuck,
starts,
ed edd and eddy,
hitting on,
pehalwan,
create,
amjad khan,
finished,
balti,
travelling,
maggiepoint,
americans,
earnit,
acknowledging,
ghata,
inlove,
campaign,
happy dance,
fix,
swagger,
bael,
bukhaar,
father in law,
hmm,
camera,
vessel,
hoga,
dancing,
haath,
crime,
log,
notes,
celebratory,
power,
feasts,
ranvir,
timetowakeup,
scorpion,
dirt,
cloudy,
waste,
noose,
rockband,
ruk jao,
rakhi,
dog,
rangon,
newme,
air,
triptogether,
fitness,
have,
dipawali,
sixer,
easybro,
suited,
boyfriend,
new year,
flirtious,
subahhogayimamu,
hindi,
exercise,
kinli,
loyal,
superhero,
beautyandthebeast,
pehle,
diwana,
calm down,
tripping,
virgogirl,
swim,
direction,
coca cola,
force,
lagi,
david de gea,
content,
indian sitcoms,
stall,
giraffe,
mahadev,
gear,
roses,
run,
raha,
surpirse,
holi hai,
kim,
kerala,
macho,
pasina,
busy,
bajuhatt,
sky,
bansal,
ganesha,
wantitnow,
chahiye,
lovvsworld,
dope,
tufani,
sagittarius,
empty,
request,
backtoschool,
caught,
receive,
pyaali,
fag,
bra,
temperamental,
traveller,
karde,
wanderlust,
baba,
paste,
ganpati,
pose,
crackers,
discussion,
high class,
beboldbeyou,
aramkarnede,
bestie,
janamdin,
mujhparkoiehsaannakarna,
aquarius,
indian player,
tinderlicious,
ithougtshewaswithyou,
taureanguy,
lowbattery,
school boy,
feet,
honeybuuny,
6packabs,
mastmast,
burned,
exchangeofideas,
big note,
chimney,
sarabhai,
plans,
iwillirritateyou,
vegetables,
yolo,
allthebest,
theek,
sallubhai,
dhak,
fresherskabhai,
workexcuses,
peacock,
chhordo,
jaldi,
pub,
rai,
janamshatami,
girls,
bath bath,
traffic,
plate,
shona,
doobie,
let'sparty,
lyk,
oyehappynewyear,
pagli,
syllabus,
don'tbuttin,
thursday,
mahaan,
nichod,
tired,
bhang,
freshen,
wayne rooney,
navin bansal,
may,
hojayega,
jhut,
hoist,
opening,
fare,
tendulkar,
chide,
arzkiyahai,
proxylagade,
low balance,
hindi teacher,
humaapkehaikaun,
kal,
thank,
swear,
god,
aao,
tradition,
tonight,
gentle,
potty,
morningalarm,
dine,
funding,
forthepeople,
roseshs poetry,
padhne,
taste the feeling,
wang,
cheatpaper,
send,
bor,
six,
don'tkilltime,
getmarried,
kamina,
cancer,
classesoff,
noplans,
why,
kam,
Mesut ozil,
ekdumjhakaas,
brave,
ajit,
balancingact,
snow,
cry,
hehe,
dew,
icecreamcone,
tumbler,
onesuccess,
underthecloudysky,
swiperightguy,
heybroda,
wicked,
travelbuddy,
functionality,
pay,
same,
leads,
balance,
rupees,
deewana,
baaja,
song,
bed,
bengali saaree,
procrastination,
hurry,
flattered,
it'smystyle,
sista,
juice,
chanchal,
butterscotch,
libranwoman,
brother,
dogsbark,
baby,
scorpioman,
victory,
lagdi,
chak le,
dhayn,
friendships,
mail,
promise,
simmons,
yogapose,
guitar,
lagli,
masalachaye,
kurta,
jhooth,
khel,
maal,
pakora,
kyakaru,
hum,
taurean,
gig,
dorry,
pitch,
baatmatkaro,
wannagoonaride,
patricks,
tazakhabar,
doingwhat,
screen,
vampire,
sannata,
bongoli,
ek,
whaddup,
is great,
sleepy,
mytime,
raho,
jaisi,
t shirt,
mexut,
goodshitbruh,
burai,
middlefinger,
khalnayak,
fatso,
bulky,
cursing,
go away,
slapping,
share,
stubborn,
coca,
jaspreet bumrah,
wolf,
silky,
nope,
broda,
bhains,
mouse,
chamak,
cheezy,
nigga,
lovemelovemenot,
industry,
deewar,
kaltimaarle,
sanitary,
cute,
jaafu,
youre,
fuqoff,
shockingnews,
big,
crush,
resign,
narcissism,
sambhar,
no shower,
metro,
italian,
suicide,
pichkaari,
indian cricket,
opt,
amercia,
idaes,
candle,
robbery,
trumpet,
clenaing,
baseball,
kata,
nose,
let'seat,
fanning,
chumma,
loafer,
workdesk,
sandeldekhihaimeri,
taking,
sahab,
geminigirl,
memory,
biyatch,
raat,
popcorns,
baazigar,
concert,
clash,
chamaat,
burst,
clever,
omkapoor,
won,
stuffedtoy,
no,
tail,
momy,
swipeleftgirl,
virgoguy,
The Road Runner,
fireworks,
diwlai,
form,
Mrs Rich,
birthday,
flakes,
bird,
goachale,
nophucksgoven,
masjid,
thakele,
goodnight,
merepaasmaahai,
padhaikabojh,
jab bhi,
school uniform,
meetup,
car,
bara,
scrooge,
rajnikant,
defense,
in rio,
show,
dkbose,
smkoing,
iron,
iamtoocool,
youboreme,
pill,
challenge,
eathealthy,
police,
Hppy,
sugar,
folded,
jerry,
achaar,
nakalchi,
mentally,
penniless,
midnyt,
apple,
fruit,
bhai,
professional,
iamateacher,
lovers,
zaroori,
readyforcollege,
firework,
brain,
baj,
tha,
pele,
south indian movies,
youmeltmyheart,
lazy ass,
aamir,
college,
praja,
iampretty,
guitarist,
miranda,
pots,
biggest,
tutopmarega,
windowsill,
what'syourname,
keepitcool,
mr,
fuckoff,
happybeerday,
poojan,
vacay,
jalmat,
teddyday,
garam,
staydown,
getidea,
lowmarks,
karna hai,
babykobasspasandhai,
studentoftheyear,
sona,
recharge,
loser,
chachakchholebhature,
dekho,
remote,
fuckyou,
buffalo,
roadtrip,
next,
friends,
saint,
pseudomachoism,
mesha,
worldtour,
main,
bharat mata,
wman,
ayasawan,
come,
stupid,
wearing,
aur,
mujhe,
lovin',
yum,
getout,
hurt,
hawa,
aajtoh,
summertime,
boltenahi,
tryna,
pakda,
musaddi lal,
colour,
thakelelog,
ladi,
suspect,
kadakchaye,
loveforpizza,
duniya,
manager,
pouring,
bhooklagihai,
sherdaputtar,
wink,
diyas,
sotuh india,
lungi master,
pehlapyar,
hoon,
cupid,
danger,
dimaagmeinchemicalocha,
wreath,
mendak,
fangs,
dating,
awwie,
pocahontas,
bhejafry,
swore,
ikka,
bhejo,
banaya,
villains,
fine,
vajan,
favorite,
tera,
alright,
kyuaddkiya,
thankyou,
coffeetime,
cinderella,
indian olympics,
sticker,
humein,
am,
barse,
libra,
lad,
rule,
school bag,
raising,
brocode,
nahichalegi,
nabajegibossuri,
offering drinks,
greeting,
dancer,
restroom,
dates,
peace,
12th,
rehnedo,
damini,
crying,
credit,
traditional wear,
chef,
coca colaÂ ,
home work nahi hua,
spectacles,
lenahaitolo,
fork,
sketboard,
youaemyhoneybunny,
noullubanaoing,
snacks,
enquiry,
achahai,
lootgaya,
liked,
passion,
chalbaaz,
inawhile,
eww,
chaltihaikya9se12,
saif ali khan,
cuttingchai,
namak,
patriotism,
belief,
anede,
tutu,
no change,
throw,
crossed,
delicious,
heartfeltwish,
tiranga,
training,
burning,
partofyourworld,
middle class,
cat,
are,
bahuttoughhai,
metrok10rslagtehai,
star,
gandhiji,
bloody,
canteen,
togetherforever,
you,
aapkeliye,
akshay,
dominant,
whattoeat,
bathtub,
ifbeingsexyisacrime,
protest,
string,
multi tasker,
showoff,
dabangg,
Sarabhai VS Sarabhai,
alvin,
maakhan,
ladaye,
pointing,
paranoia,
pani puri,
trek,
fool,
yo,
bharni,
evening,
move,
teasing,
hospital,
leanmeat,
kidhar,
batting,
south india,
prettytosee,
cheezey,
youlove,
khush,
selfie,
daalo,
biker,
bouncer,
pledge,
walon,
namaste,
baddie,
chakra,
amchi,
govind,
mess,
tomorrow,
inspire,
canteenchaltehai,
kabirkhan,
try and,
editlifefrequently,
disapproval,
sweets,
farming,
kanganaranaut,
toocool,
easiestpath,
emotion,
motapa,
apologize,
fitasafiddle,
paas,
back down,
street,
dangal,
maarunga,
fixed,
cookie,
housekeeping,
decidedtostudy,
pregnant,
thewoman,
kurte,
breeze,
sweep,
ozil,
eternal,
karanarjun,
tareef,
story,
kha,
kaate,
take,
globe,
atthebeach,
readytomingle,
virgin,
janamashtami,
tumse,
har,
resolutions,
underwear,
telephone,
travellingpartner,
bug,
gandhigiri,
please please,
buzzoff,
kahan,
wig,
menu,
chata,
balam,
calm,
cow,
pirate,
khoonpijaunga,
daddy,
Daisy Duck,
bff,
xoxoxo,
oyesun,
swipeleft,
let'sdanceintherain,
sunday,
dabbagul,
full,
pitai,
motivate,
kutto,
the powerpuff  girls,
nomnom,
superb,
kardo,
risk,
sandesh,
activate,
hero,
twice,
twenty twenty,
moves,
padegi,
punjagbi,
maut,
wornout,
oldage,
pyar,
fareyy,
mouseketeers,
america,
birthday gift,
Simon,
house,
lab,
lovewithoutlimits,
wecan,
paglat,
soul,
bas,
earn,
statues,
bengali sari,
naari,
theekpricelagao,
gotthemoves,
trust,
yahan,
washroom,
noexvhange,
cross,
sorryy,
gali,
breakup,
frowning,
st,
fucktard,
no salary,
youngatheart,
performer,
irons,
otherwoman,
savemoney,
flatter,
chhati,
yoddha,
minutes,
rehne,
edd,
loveyourjob,
beerglass,
indian movies,
serious,
knot,
hopelesscreature,
performance,
archer,
thakela,
brains,
bells,
alwaysthereforyou,
ka,
payattention,
payjama,
sannatakyuhai,
howmanymen,
iloveshopping,
trymeout,
milne,
luaghs,
soft drink,
cookingismylife,
cricket kit,
teddy,
bahutshanahairetu,
kar,
waiting for santa,
varun dhawan,
electricity,
reds,
with,
sacrifice,
hang,
firstcrush,
rishte,
homework,
footballer,
unhealthy,
workout,
bossisalwaysright,
feel,
superwoman,
maa,
hello world,
birds,
machhar,
hurray,
thanka,
14thFeb,
kahaan,
heaven,
red hair,
fc barcelona,
cash,
boxer,
secret,
behunga,
bravo,
saggi,
heybrother,
dogsbarkbutvanmoveson,
keepyoursecretssafe,
goodluck,
sharing,
picture,
holiday season,
wo,
pyjama party,
chaye,
namakkhaya,
punjabirocks,
Jammu,
behena,
older,
kisses,
heysister,
pataka,
live,
arguing,
rakhis,
pack,
inspiring,
enuf,
aana,
atti,
itnasannata,
zubaan,
tandon,
paanch,
lecturer,
nap,
success,
uthunga,
steel,
pushing,
skip,
like,
iloveyou,
manner,
girlboss,
saffrn,
flirt,
chodunga,
ajapenchlada,
3g,
kyunki,
lawyer,
www,
deepawali,
mumbaiker,
lets party,
Jalebi,
happenbychoice,
laga,
libran,
read,
phonecall,
socks,
dushmani,
iamsad,
festivals,
khudpadhlena,
jetsons,
gandhi,
active,
pond,
dangerous,
rahi,
partytobantihai,
wayne,
wise,
armedforce,
muje,
good morning,
phoot,
pizzalove,
hen,
bhel,
bakchodi,
startup,
faster,
chor,
tortowise,
whatsup,
distance,
wazan,
whatplans,
dilchuraneayihu,
couch potato,
janam,
chakde,
logo,
outdreamyourself,
chalo,
swagathai,
scared,
assist,
thirstyforblood,
last,
cartoons,
flattering,
chiling,
choco,
forget,
tere,
competition,
romanctic,
wishing,
lath,
ghumna,
cartoon shows,
whyareyouignoringme,
father,
cutting chai,
saturday,
shawarma,
deodorant,
psychohusband,
bajata,
bulla,
proposing,
fish,
aforestation,
boss,
ghuma,
unhygienic,
ladyboss,
roll,
hair style,
tom,
koisandeshnahi,
heat,
mera,
smiling,
jeetesh sharma,
nanapatekar,
aashiqui,
crime scene,
woh,
cab guy,
rohit,
lalchay,
smile,
everybody,
illcookforyou,
specs,
dialogues,
na,
gaddi,
shocking,
bhaag,
dard,
loan,
parmal,
padha,
ghanta,
batadiyo,
adult,
assignment,
rok,
danda,
alfredpennyworth,
flinstones,
exit,
bhaijaan,
dwag,
basanti,
trolley,
rebuke,
ranveer,
suit,
waitforit,
teeth,
iamraedy,
attire,
masalachai,
wannago,
dessert,
ipl,
gangs of wasseypur,
wash,
kat,
game of thrones,
heartbreak,
more,
baalti,
kitchen,
noway,
janu,
america elections 2016,
independence,
toing,
bestgroup,
lenge,
starkafan,
replytokaro,
weird,
jelly,
arrow,
referee,
chalbunkmarteai,
returns,
cn'thandleme,
smart response,
sultan,
hona,
ajabullettegedimariye,
sabsebadarupaiya,
azad,
drop,
average,
sala,
ugly sweater,
upside down,
servant,
fightolive,
on the floor,
destined,
pyali,
umnrella,
angrez,
drining,
become,
merahai,
deny,
match fixing,
sitcom,
phyisician,
happywomanisamyth,
benjo,
suicide squad,
privacy,
couch,
yashoda,
chunar,
leftswipematerial,
favourite,
hojaega,
fucku,
pray,
speech,
hugzzz,
owners,
fuckeverything,
alibi,
golinahimarenge,
lota,
bf,
hathnahiphansikaphandahai,
conquer,
poweryoga,
despair,
jail,
bossgiri,
OMG,
courage,
pool,
national,
bach,
walkandtalk,
master,
trumpfie,
betterdeal,
sweet,
reindeer,
hand,
iwish,
moneybag,
kaata,
bunkpechal,
stayhealthy,
gymnast,
baansuri,
watsup,
south indian cinema,
hills,
pakdo,
khaunga,
dulhaniya,
wapsi,
agle,
wasteoftime,
girl friends,
bano,
time,
ladaimatkaro,
raksha bandhan,
achievement,
be like,
achi,
wine,
raveena,
tennis,
don'ttellyoursecrets,
masalatea,
delicate,
barish,
coyote,
fly,
trekker,
chun,
sand,
ill,
senior,
be,
kyakahenge,
craving,
crescent,
maine pyaar kiya,
maths,
eachmoment,
kneeldown,
santa,
sagittariangirl,
keepyourdreamalive,
fell,
bear,
triceps,
abhikyakarraheho,
omprakashmakhija,
hitting,
succeed,
bajaa,
bloodthirst,
tshirt,
disco,
aw,
lecture,
barso,
medal,
pronam,
relative,
daag,
beer glass,
sing,
chutiya,
assignments,
very,
carrot,
masterchef,
villain,
tune,
messedup,
car pool,
karni,
slow,
talking,
surf,
faithful,
workonit,
base,
partner,
soldier,
boutique,
kadak chai,
12,
loislane,
hotness,
goodwishes,
study,
dost,
middle,
ginger,
presentation,
hit,
limit,
koito,
ke,
squad,
Irona the Robot Maid,
bucket,
tumsenahopayega,
zoom,
pinkypromise,
ten,
darling,
joy,
milna,
ironing,
lu,
dungi,
namkeen,
baccha,
match,
fools,
letseat,
dekhbe,
prayer,
jaaunga,
backbencher,
kaminey,
own,
chal,
nosorrynothankyou,
kick,
together,
besthai,
garmi,
kala,
hawt,
will,
ya,
king,
folding,
throwing,
todh,
than,
khilo,
Ms Sara Bellum,
donot,
steal,
late coming,
fuckmylife,
part,
miss you,
paisedanasha,
asan,
clap,
kanni,
kareenakapoor,
kajal,
jaan,
gangster,
laoli,
wishyouwellnot,
marti,
size,
bro brother,
fat,
in love,
mojo jojo,
intimate,
apunksamnedadagirinahi,
aajkuchhtoofani,
dadlovesmemore,
balloon,
mainlootgaya,
sitcoms,
mutitask,
swagat,
annoyed,
baniye,
work out,
madam,
khisko,
before,
topping,
fabulous,
clean,
optimistic,
usa,
dheeldedheel,
presents,
lovelysinghreporting,
hair styles,
coder,
khalipili,
ignoring,
maaf,
fitr,
tryme,
egohurt,
she,
beingacrime,
cuppa,
moneywillsaveyou,
lage,
merekaranarjunayenge,
broad,
letuscatchup,
achchi,
pucca,
greatthings,
cell,
so hot,
dissappear,
iamsultan,
ea,
gai,
times,
lala,
kaiseho,
whiskey,
dhanyawaad,
hatyana,
firstbench,
special,
sportsman,
protector,
muffler,
pigeons,
dresses,
nostalgia,
artist,
nadekh,
ajtobajaadungi,
pistol,
homeworknahihua,
mastanikashi,
extra,
lookatyourface,
bhaago,
ayababy,
friend,
thin,
pass,
five hundred note,
got,
sharab,
munnabhai,
college days,
eighties,
biji,
yours,
beat,
babajikathullu,
upset,
determined,
yaaar,
babu,
bajate,
up,
banata,
lame poetry,
freshers,
common,
swachch,
baniya,
kisaan,
update,
better,
handsintheair,
fist,
catchup,
yourdream,
present,
whos,
sweety,
chalraha,
dimaag,
today,
msg,
sportsstar,
gold,
HBD,
rest,
jam,
morebeer,
soshallyoureap,
me,
mama,
discussthis,
ne,
light,
howareyou,
papakapaisa,
donotcare,
moneyispower,
dislyk,
tinderliciousdude,
battery,
warn,
PTmeeting,
rajaryanmalhotra,
weekend holiday,
impressedyou,
ole,
right,
phone call,
ilu,
grandpop,
mr india,
bojh,
he man,
kaam,
karu,
gaadi band,
rupaee,
arm,
whatthephuck,
appreciate,
waiting,
liya,
aliabhatt,
weighing,
guest,
hots,
lolz,
bounce,
flower bouquet,
until,
ego,
believer,
hazaaron,
blank,
explainyourself,
durga pujo,
scooter,
datetheinternet,
cold,
still,
problems,
inquilaab,
maradona,
food,
laugh,
kitcen,
mxagic,
yahaan,
chipmunks,
bon,
givittomenow,
phir,
surrounded,
ghar,
down,
tosucceed,
humesha,
deedee,
hold,
ohemmgee,
firstday,
ishtart,
destiny,
piano,
mainalcoholichu,
stoned,
stayawayfromme,
pehalwani,
mashaal,
start,
is,
message,
zap,
ilovemystyle,
gahh,
gaaana,
keepitup,
taureanwoman,
boxingbag,
shouting,
adios,
meraassignmentkarde,
enthusiast,
freeandhappy,
whatsapp,
begin,
marungi,
angelina,
teaandcakes,
paisemere,
village,
mbbs,
secretgift,
creatures,
body,
zero,
girl,
apetitie,
hello,
seaworld,
floor,
mehmaano,
chacha,
grownup,
wifilove,
scray,
brazil,
do,
kahaniya,
punjab,
andaz,
excitedforfirstday,
shri,
boyfriendnahihota,
nahikarni,
work excuse,
foodies,
buckets,
ty,
breaking,
shoptillyoudrop,
ethnic,
paranthe,
let'stalkaboutme,
strong,
tell,
rakhee,
jabrafan,
nostalgic,
iamtired,
see,
hogayatera,
binoculars,
field,
feminism,
safaikarnede,
lets,
miyan,
mithun,
nye,
folk,
horny,
iftaar,
weekend,
padhade,
Iamanexplorer,
tumhe,
alcohol,
third,
shaandar,
innings,
sow,
runninglate,
matters,
sweeper,
eatwhat,
brothers,
auntie,
bhool,
laughing,
canwetalk,
wear,
mujhse,
kachamanjha,
pet,
raindance,
namumkin,
stopitplease,
limitlesslove,
ambitious,
zabardast,
subah,
murder,
now,
pehna,
maginifyingglass,
kaaliya,
fuckit,
chu,
boys,
onterpronor,
aya,
okay,
babay,
chhata,
anothersuccess,
papers,
ask,
mona,
offering,
cricket match,
bitchplease,
sendlocation,
your,
material,
smoke,
tashan,
coach,
over,
thought,
anidea,
batterydrained,
devilaapkepeeche,
ki,
meet,
accepted,
scarf,
happybirthday,
grow,
koffee,
paris,
isthisafishmarket,
haha,
kahi,
bottle,
cool,
dirty pack,
laddu,
can,
i,
fake,
kangal,
teradimagchatlunga,
pita,
loveyoubro,
zombie,
andaaz,
tomuncle,
dream,
phutle,
ruko,
housewife,
mujpe,
santa claus,
get out,
beautifulday,
lazy bum,
swipeleftguy,
thoughtful,
birthday present,
mehman,
ye,
fighter,
bespectacled,
nye wishes,
luvu,
10kgslost,
hotandhappening,
bold,
christmas present,
office job,
tyre,
bol,
footballmatch,
alocohol,
ajterimautaayihai,
phook,
fuq,
joyous,
melebabaunekhanakhaya,
PT,
kaamwali,
bhabi,
gyp,
pickupline,
the addams family,
stage,
big cars,
elections,
midnight,
brunch,
for,
speaker,
allah,
railway station,
shakal,
low,
contemplating,
iftar,
bengal,
sultry,
chodd,
crops,
bukhar,
workinghard,
reply,
jealous,
entrepreneur,
lie,
teja,
politicians,
thought bubble,
anniversary,
singleladies,
indian woman,
manjhakachhahai,
what,
whoaskedyou,
sportsmen,
pizza,
aahes,
ribbon,
refuse,
face,
firstaya,
f you,
love letter,
mountains,
aunt,
selfir=e,
chaep,
meraishtyle,
chillkaro,
chudail,
stick,
water clogging,
happy holi,
travel,
pikaa,
tum,
cleaner,
summerisover,
proposal,
doggy,
koi,
munching,
it'smine,
asyousow,
taco,
beerbath,
ilovesinging,
mark,
dont lose,
merry christmas,
praise,
chhatibaharpetandar,
naju,
ravana,
bodyshamming,
chup,
rahul,
don'thurtmyego,
ihaveadream,
salmankhai,
intezaar,
silly,
swimming,
arjun,
forbidden,
planks,
running,
popcorn,
doyoubleed,
sweater,
mystyle,
here,
traveling,
major,
jiski,
mujhe maari,
wonder woman,
bite,
ways,
oak tree,
marks,
christmas,
bhature,
filler,
ghataunga,
chupkar,
bajao,
cream,
pumpedup,
ladai,
locker,
greetings,
bae,
dalo,
sauce,
patriot,
checking out,
come on,
discuss,
jai,
sorriee,
sharekaro,
guy,
teachers,
ma,
pin,
bhati,
kalatika,
sportswoman,
kaliya,
imemyself,
protein,
100percent,
jhakas,
latest,
cruel,
legskafihai,
school days,
our,
piglet,
daddysprincess,
liye,
phuckeverything,
stopdiscussion,
pujan,
introduction,
ls,
begun,
shak,
kids,
grace,
kahani,
dussehra,
yes,
cholestrol,
stayfoolish,
phod,
aja,
Superman,
varun,
ridearound,
or,
kehkelenge,
lamps,
allaboutcollege,
nude,
pichkari,
gamer,
cashless,
singler,
stunning,
paperboat,
aloo,
elephant,
grossed,
cheers,
pockets,
you are,
taxi driver,
wearng,
holi party,
mona darling,
khus,
kalti,
bahaha,
asking,
imaginary,
1,
spicy,
stupped,
partykidarhai,
swiperight,
senorita,
naked,
flirting,
pisces,
smoking,
damn,
date,
queen,
kapde,
spent,
FO,
creative,
bet,
gratitude,
coming,
vacationing,
prank,
iamready,
clinton,
chand,
yehyderabadhai,
machoism,
alone,
lagta'hai,
apologies,
cutting,
haar,
media,
chemicallocha,
rangg,
mutthi,
malai,
keyboard,
denial,
killer,
shabaash,
nahiyaar,
employer,
magnifyingglass,
lily singh,
practice,
prem,
alldbest,
betting,
knitting,
patli,
josh,
teen,
motivation,
largehearted,
earlymorning,
singer,
house cleaning,
tu,
j,
chuphoja,
idonotcare,
check,
pease,
rushing,
diamond,
legal,
naukrimilikya,
azaad,
sensitive,
doing,
sea,
honest,
lyf,
bus stand,
apologise,
Zizou,
highest,
chappal,
hmmm,
turtle,
laptop,
dadagiri,
nicework,
pakad,
patti,
gande,
gymtogether,
mar,
tumblr,
jarela,
art,
henrycavill,
dimagchat,
himalayas,
dandiya raas,
maya sarabhai,
youaremine,
puppyface,
venue,
no work,
bheegey,
uninteresting,
loose motions,
kissyface,
locha,
dhol,
devour,
mainkyakaru,
edit,
wizard,
argument,
bag,
abey,
waves,
bathroom,
forgot,
cricket fan,
winters,
took,
taj,
whatalovelyday,
blanket,
partyy,
heroin,
reaching,
gabbar,
zindabad,
theft,
bitches,
missing,
career,
beweird,
no cash,
heysista,
calls,
wife,
smarter,
bakwas,
bengali,
found,
gang,
wake up,
chalegi,
adrak,
pakadna,
sabash,
pocket,
bhaipaisenahihai,
canthelp,
bling,
paneer,
drum,
bathroomsinging,
mehengai,
staff,
politician,
gappe,
iloveyoga,
navin,
raksha,
iluvu,
out,
cab,
swat,
globetrotter,
evil,
naa,
sleigh,
notbf,
botal,
scoorge,
kalsediet,
fifa,
thatkindofpower,
swatantrata,
letgo,
hongi,
startstudying,
pasand,
happy birthday,
unforgettable,
yup,
strike,
chat,
morning,
lazy sunday,
yaaron,
fate,
bikeride,
lion,
rishtedar,
wishill,
annoy,
select,
askingout,
gods,
clothes,
romancing,
masala,
white,
land,
wild,
dieting,
wet,
sick,
kangaal,
jhagda,
student,
decorate,
gamechanger,
princess,
leftswipe,
takeiteasy,
US,
skipped,
phuckyou,
driver,
karkat,
everyday,
palat,
planet,
patthar,
christmas pudding,
i am trump,
video,
appointment,
really,
missed call,
mother,
billi,
silent,
The Radical Squadron,
movies,
this is testing tag,
ilovebhejafry,
naresh,
howdy,
shut up,
rise up,
along,
metime,
whereismygift,
gujju,
powerpuff girls,
talk,
dardedisco,
briefcase,
sun,
baat,
atb,
psicy,
miser,
sofa,
behna,
seahorse,
puddle,
quiet,
afilterisnecessary,
stranger,
witch,
fixing,
ab,
sandandsun,
baniyekidamaaag,
chettiekjhappipa,
greets,
dekhobachhomummyaagayi,
cigar,
newyear,
grab,
knife,
mata,
reap,
sarcasm,
devgan,
halt,
sundays,
de,
mehnat,
suck,
kaipoche,
leisure,
letsgo,
bright,
merry,
bored,
asli,
desi,
dunk,
afterworkout,
weightloss,
south indian,
daru,
ghost,
kapilsharma,
lassi,
nothing,
ahead,
foreveryoung,
mooli,
humhise,
bathe,
toons,
eat,
daddyslilgirl,
storm out,
scary,
elsa,
tiffanytwisted,
howzzat,
charm,
puchha,
fighter woman,
map,
girlsnight,
chairainpakora,
worldfamous,
act,
arz,
workhardinsilence,
need,
apology,
laters,
squease,
number,
potato,
drinks,
karunga,
dandeeya,
sabzi,
phooljhadi,
2,
driving,
goo,
nagin,
janeman,
youareclever,
ok,
differently,
doll,
misunderstanding,
gubbar,
yipii,
pen,
thinking,
energetic,
filter,
rifle,
9kar,
ignoremar,
farm,
bhaand,
computer,
himachal,
jackpotlaggayi,
fitnessislife,
jungleehumai,
jae,
dayoff,
member,
phuckit,
khaoge,
dhoka,
daphuk,
runs,
budday,
demands,
bahadur bille,
tujantahai,
lover,
tastesgood,
old man,
office office,
backpack,
shopping,
arriving,
sabaas,
clam,
office excuses,
too,
family,
compliment,
eddy,
doctor,
passedout,
goodwork,
aunty,
muscle,
riseandshine,
giveup,
ko,
brithday,
khana,
i'mtired,
mam,
jingle bells,
cup,
whatsgoinon,
dkboss,
kaho,
rainyday,
mastani,
dianaprince,
daaru,
tata,
embrace,
twenty,
mein,
dumumdigadiga,
bath,
shivbhakt,
iwantitnow,
wuv,
laddoo,
shawl,
jana,
rush,
dc comics,
gari,
lift,
solly,
path,
iron man,
yara,
magarmachh,
order,
Valentine'sDay,
idle,
ndian,
shayar,
age,
restaurant,
tareekh,
kilos,
teda,
HappyValentine'sDay,
revolt,
toddler,
talktomyhand,
kanya,
fire place,
freedom,
idiot,
tanuwedsmanu2,
rudolf,
network,
refusal,
plaeseproxydede,
matki,
hungry,
tighten,
cube,
late today,
float,
thank you,
ik,
response,
kahanbusy,
fan,
wrestling,
bugs bunny,
shoppingbags,
alcoholaddict,
sahi,
dhartipebojh,
devil,
pyaa,
hey,
imported,
3Gpebusy,
election,
goalkeeper,
price,
peaceloving,
wanna,
rangoli,
play,
monsoon,
eatme,
lao,
newworld,
bong,
dance,
changer,
sisso,
phonebusyktyhai,
corny,
cake,
peaceful,
flag,
some,
langotiya,
samjahu,
smokingkills,
sandal,
posted,
husband,
tasha,
seetheworld,
dimagkadahi,
rocks,
kaale,
christmas presents,
desk,
lost10kgs,
cauliflower,
khatam,
entry,
nojobs,
khudparlo,
whiskey bottle,
pyjama,
eve teasing,
toil,
brainfry,
ragging,
let'sgoaround,
accha,
shakti,
laze,
horkihaal,
borrow,
udadiyapatang,
follow,
memories,
hallucination,
cycling,
chala,
bollywood,
hate,
ganda,
kite,
iamawesome,
totally,
palatable,
complicated,
kameena,
cricket team,
officemate,
bought,
didueat,
adb,
merakyukata,
youcaneatme,
adventures,
yeh,
just,
slam,
bean,
loveyoubaby,
pranaam,
good,
hahaha,
beawesome,
sikha,
boardexam,
arrestme,
jeet,
ohfuck,
gfoodday,
khoon,
Ma durga,
let'sketchup,
shaadikarle,
THE YOGI BEAR SHOW,
pench,
zyada,
example,
yoga,
taught,
ehh,
udaa,
negative,
cha-cha,
hapy,
hawaanede,
original,
maverick,
hope,
thullu,
boy,
kahahaibhabi,
dala,
hockey,
bore,
samne,
warriorprincess,
saabaas,
alien,
barcelona,
world cup,
rupaiya,
failure,
greatesacape,
chichi,
chutney,
biology,
ugly,
khandala,
shanpatti,
jaayein,
taxi sharing,
ek plate,
station,
chaat wala,
excuse,
phoneisonlowbattery,
halloween,
xmas gift,
puppy face,
sabko,
pandal,
kaha,
dracula,
rofl,
relatives,
work excuses,
tez,
royalty,
munna,
bathroomdancing,
sunrise,
run out,
christmas cake,
aaya,
happy,
bua,
ishq,
passkarwadena,
broke,
broom,
jhoota,
100%,
successful,
chalti,
holy,
relax,
help,
chap,
bruh,
best friends,
grave,
alvin and the chipmunks,
players,
jhagra,
muscleman,
jeeth,
matkii,
aangan,
saved,
understanding,
aroma,
seahtachha,
dila,
safe,
selfonsessed,
obssessive,
scorecard,
eating,
metro train,
pipe,
red,
tooslow,
writings,
mahan,
rajnikanth,
lovely,
cricket,
patriotic,
sutte,
mickey mouse,
udharwale,
judwaa,
appartment,
interactions,
prize,
colors,
lendl simmons,
enthusiastic,
khushiyaan,
shaqal,
wheresmygift,
istyle,
beth,
procession,
iambroke,
roamaround,
resolution,
aroundtheworld,
dunga,
name,
president,
swat cats,
dabba,
balwant,
idiotic,
baap,
talli,
sowwi,
high,
muh,
tapori,
building,
gone,
waah,
munda,
winner,
dinner,
meditate,
monisha,
wanted,
noise,
faadu,
awesome,
akshay kumar,
muah,
kakse,
snack,
horsecarriage,
naukri,
beyou,
kyachalraha,
hardworking,
achche,
somethingelse,
da,
pisa,
2017,
sports injury,
brightideas,
I love you,
innrocks,
Theodore,
pug,
merakaddukhale,
my birthdy,
selfiequeen,
readyforsummer,
cheesebadihaimastmast,
secrettosuccess,
don't,
bhaiidhardekh,
youaredumb,
latenight,
buttermilk,
starters,
most,
in laws,
choli,
cabbie,
bohot,
sentiment,
re,
eatout,
bunny,
mat,
patekar,
neversaydie,
whenarewemeeting,
viber,
decorations,
bargaining,
stahp,
its,
platypus,
hotter,
love,
jhakaas,
humko,
no ji,
gea,
ithought,
vanity,
to do,
pot,
upon,
againstragging,
midfinger,
boards,
thappad,
pg,
lehenga,
bhagwanmujheuthalo,
gandhi ji,
plank,
patience,
iconoclast,
auntyji,
kalkikoechlin,
fightforyou,
guru,
sis,
mast,
ranvirsingh,
sara bellum,
God'sowncountry,
dhawan,
cards,
bhunta,
mi,
artistic,
park,
saying,
Jacuzzi,
looking,
irona,
radha,
makeyourich,
wake,
cycle,
magnifying,
pinga,
dard-e-disco,
navami,
team,
crab,
bags,
area,
kardashian,
hardtocatch,
Einstein,
talktothebutt,
granddad,
shineon,
scorpio,
amazing,
trolleybag,
sunglasses,
teddyforyou,
bequiet,
grapes,
assisting,
diwali party,
shortlife,
urgent call,
revoke,
ranaut,
jhado,
jawan,
another,
hiaya,
bhabikastyle,
veeru,
jane,
shaanti,
andhera,
biceps,
discount,
purse,
swine,
gross,
karte,
sweetmeat,
thanks,
lovable,
currency,
Iknowitall,
home,
atak,
babies,
lejayenge,
practical,
dollface,
mandali,
done,
wring,
poolchait,
scorch,
glasses,
ghar ki yaad,
trophy,
shutup,
ramadaan,
sister,
longtimenosee,
himmat,
fightforlove,
binocular,
lovecycling,
shame,
beersheer,
editlife,
diet,
dekhu,
fab,
sandel,
closet,
inn,
aati,
workplace,
raised,
work,
ath,
shoes,
courtroom,
nails,
selfieee,
office staff,
dilmeinaatahoonsamajhmeinnahi,
adversesituation,
test,
bullshit,
confusion,
stunned,
lunchhour,
mental,
teacher,
cheerful,
christmas cap,
sleepingbeauty,
ohh,
lendl,
shabash,
winter shopping,
halat,
bananas,
blessing,
brotherhood,
introduce,
nothingtowear,
board,
yoyo,
worth,
chakki,
surfing,
rainy,
highclass,
happen,
patialapeg,
hai,
celebrations,
swimsuit,
stylish,
acche,
happyman,
letsgotohudson,
minute,
hardwork,
waisibharni,
prince,
maggie,
bye bye,
bursting,
!,
david,
floating,
shocked,
midnightsnack,
recess,
hopelesslove,
mehmaanokliye,
trying,
bowler,
kasam,
bowarrow,
relaxing,
sharat,
children,
smart,
hair drier,
washing,
mathematics,
pila,
vacations,
gymshim,
tajmahal,
ssup,
dontcare,
devils,
news,
pi,
commentator,
whoa,
bajirao,
saal,
period,
happygolucky,
rabbit,
death,
betatupitega,
behenknakhre,
lagti,
plantttrees,
united,
monkey,
pandel,
ever,
liberated,
diwali,
movie dialog,
baatein,
mohabbat,
pocketkhali,
hogaya,
dhaga,
kathak,
bathroomsinger,
kissie,
tears,
martini,
olympian,
hat,
chahachu,
chashmish,
century,
change,
superlike,
aajfootballmatchhoga,
taajakhabar,
leave,
bechelor,
towel,
woke up,
excuses,
phucking,
hundred,
outing,
bachelordude,
flying,
internship,
hansna,
friendship,
manu,
singh,
wedding,
nai,
leader,
heart,
punjabi,
swipe,
inshaa,
dod,
m,
military,
apunkadilbahutbadahai,
whatup,
company,
milestocover,
dad,
swachhbharat,
thobra,
ho ho ho,
brush,
salary,
majaa,
tareekpetareekh,
bhi,
musy,
gussa,
dilwale,
praying,
suar,
swing,
acha,
drumist,
sorrow,
thanku,
longtime,
cartoon character,
feeling,
off,
foor,
acknowledge,
shopping bags,
younger,
sparkle,
befo,
khoonkyapyasa,
manjha,
melgaon,
lag gayi,
possessive,
coffee beans,
colours,
denge,
slamanddunk,
Alpenliebe,
mainhusultan,
kacche,
capricornman,
bandhan,
taal,
sev,
joined,
katgayaa,
glutton,
abhiyan,
dimwitted,
sutta,
wednesday,
salman,
5minute,
whip,
im,
cant,
makemeunderstand,
chholebhature,
aajapartyshartykartekariye,
gujarati,
singham,
nahi,
responding,
day,
bythepool,
jhanda,
baal,
chaljhoota,
yummy,
khopche,
go,
udaadiyapatang,
undir,
aj,
waat,
lai,
fever,
usic,
thanking,
brawns,
corns,
fresh,
budhu,
Danny Denzongpa,
milk,
beans,
laathi,
swat kats,
patakha,
saffron,
india olympics,
to,
height,
summerlove,
letus,
monotonous,
magic,
hogya,
chupaya,
rupee,
romantic,
ronaldo,
chaikichuski,
whysosilent,
shukriya,
mix,
treat,
iamhot,
punish,
bajadu,
sonofswines,
acme,
lunchtime,
pgwapis,
deepikapadukone,
Iamtheboss,
narcissim,
ride,
cuming,
birthday cake,
bhand,
screw,
loveyou,
becreative,
jamming,
toofani,
talkin,
thristy,
delivery,
lookingforthat,
shorts,
shot,
goodbye,
thobda,
whatwillyoueat,
anger,
knock,
jatt,
raksh,
najukkali,
katle,
hillary clinton,
criticize,
mascot,
chhole,
delay,
lovey dovey,
navigation,
color,
loveagain,
naak,
companies,
hugzz,
ourworld,
about,
bai,
late to work,
pissed,
player,
game,
vande,
fuschia,
new,
tomunclekimaggie,
finalcommitment,
bargain,
nighty,
I'mawinner,
weekend trip,
discover,
burn,
zindagi,
dimag,
yahi toh,
jersey,
to me,
paro,
gajab,
chatabhulgaya,
gya,
coochie,
demanding,
were,
sweetshop,
stayaway,
kumar,
noplansyet,
paz,
thanda,
rapunzel,
newyearnewme,
sirji,
karadu,
lovesmemore,
melodies,
creature,
fucking,
christmas tree,
salmaan,
confidence,
standing,
namaaz,
jaaneman,
alarm,
wada,
dayatthebeach,
unevengrowth,
nightout,
letsdiscuss,
working,
character,
lust,
basketball,
maim,
kumbha,
lifting,
yahoo,
babes,
childhood,
gemini,
willloveyouforever,
expense,
yari,
believeinyourself,
office,
jaisikarni,
hun,
babaji,
nasha,
afraid,
hill,
lady,
band,
break,
addict,
perfect,
stopit,
beckham,
notsingle,
whatshouldIdo,
5,
choddh,
propose,
gaana,
chuski,
jealousy,
shukla ji,
surroun,
dressed,
sunshine,
attack,
matka,
storytelling,
bachayega,
missed,
watching,
heythere,
total,
man utd,
scarecrow,
club,
wakeup,
kanhaiya,
partysharty,
nerd,
sup,
logkyakahenge,
difference,
screwdheela,
praising,
egonahihurtkarneka,
great news,
drinkkaking,
indian cricket team,
lag,
psycho,
swagatnahikarogehumara,
staycute,
korchich,
bad stomach,
bat,
nosee,
java,
maratha,
jesseeisenberg,
slarkkent,
ayega,
whatdoyouthinkofyourself,
hands,
dial,
loosemotions,
boygang,
deay,
whatanidea,
chopra,
don'tirritateme,
innovative,
butterfly,
bugoff,
clubbing,
indian comedy,
bhag,
aapke,
youlookpretty,
supper,
paper,
I m,
ritesh deshmukh,
daphuck,
wapis,
shine,
rehen,
hair dresser,
dark,
suspicion,
Naam,
bumrahaang,
makkhan,
ladhai,
singing,
bahi,
taste the thunder,
wallet,
wishes,
coo,
piyega,
cya,
kudos,
nevergiveup,
best,
laidback,
hammer,
married,
gifting,
sehat,
determination,
laila,
tiptipbarsa,
lead,
jeremy,
playing,
married employee,
mahlyfmahrulezz,
winning,
luvutoo,
stomach,
exam,
cindrella,
it'sasecret,
health,
toughpaper,
maggigetsreadyquicker,
peshwa,
liquor,
group,
hair,
getaway,
chora,
danceismylife,
nazar,
twelveth,
sehatkliyeachha,
beautiful,
intelligent,
drink,
irritate,
yippe,
yogi,
say,
foodie,
rana,
join,
luv,
samjhade,
tease,
smudge,
beer,
swiming,
anar,
galimatdo,
butter milk,
rio,
tea stall,
lawn,
raavan,
and,
means,
handle,
bulb,
weekend indulgence,
roshes poetry,
terascrewdheelahai,
phoneutha,
ekdum,
jackets,
hollyhunter,
enjoyyourwork,
shooting,
invest,
wifi,
ketchup,
beermug,
stolemyheart,
tujantanahinmerabaapkonhai,
dammit,
avenger,
karlo,
fraanship,
speak,
nevertooold,
enemies,
teamlead,
collectingfood,
closediscussion,
brooming,
won'tyouwelcomeme,
moms,
geek,
nam,
kitneyaadmithe,
corner,
hota,
heels,
mujhetumsepyarhojayegaphirse,
permission,
pareshaan,
conversation,
mom,
abayegamajaa,
moreyoga,
policy,
weather,
samosa,
offer,
galigaloch,
cheerleader,
imhot,
moneymakesmehigh,
dirty,
songs,
imightbelatebuti'mlookinggood,
tiptip,
reachable,
yaha,
thoda,
stuck,
yu,
explorer,
loveofmylife,
pakoras,
teddybear,
burp,
100,
amirkhan,
tension,
impulsive,
manboy,
christmas pie,
baapkonhai,
samurai,
shameonyou,
cteness,
baarish,
go go,
card,
iamasoldier,
boy oh boy,
insane,
food items,
bhabiji,
cop,
hu,
greatest,
ohphuck,
danny,
give,
slippers,
return,
earth,
meh,
pagal,
5minutes,
letsgetlost,
toocooltochat,
eid,
mind,
joking,
cuddle,
late,
useless,
work day,
shashikapoor,
fall,
winit,
mota,
strength,
fitar,
science,
touching,
virgo,
idea,
ce;ebrating,
sell,
dhanu,
taketimeoff,
mate,
an,
yoga pants,
waali,
boring,
slowdown,
joke,
stoptalking,
jaane,
drama,
pgwapisjanahai,
clerk,
phuck,
indulgence,
ADD,
uncle,
jawaan,
gul,
rains,
hugday,
THE YOGI BEAR,
girls night,
space,
bunk,
tvf pitchers,
sudama,
whatever,
cafe,
yashodah,
wander,
bye,
bahane,
chaat,
idol,
golmal,
Power Sword,
hot water bath,
way,
sabzilenechal,
commitment,
fail,
it'slife,
farmer,
donottalktome,
ignore,
nitish rana,
guroor,
hunt,
shop,
lols,
dumdum,
Frankenstein,
counselling,
beerlove,
tooth,
veggies,
tabla,
super trump,
aaj,
weighing scale,
whoshere,
guytrip,
spotlight,
life,
love love,
performing,
skeleton,
messi,
isko,
ekdumjhakas,
discus,
mode,
trump hair,
stealing,
bacho,
decorating,
confident,
varundhawan,
drive,
lut,
yaartutopmarega,
event,
bow,
bobble,
ireland,
agitate,
girlpower,
indian comedy shows,
couple,
guests,
makeup,
happiness,
football,
the moon,
rang de basanti,
score,
bones,
bill pay,
aise,
testing tag,
taecher,
jaag,
style,
bhago,
overestimation,
drench,
aaram,
questioning,
let,
peacebro,
bijness,
woman,
rajnikanth jokes,
eent,
sabas,
no battery,
address,
action,
o,
farrey,
jee,
noboss,
filling,
mubarak,
garba,
bachche,
bonus,
Iamthemother,
nail,
royal,
tevar,
studying,
tensed,
dexters laboratory,
free,
stop,
hani,
bhooklagi,
cowboy,
timetoleave,
pindrop,
radio,
durga pujan,
raggingleli,
temperament,
ladh,
mortal,
sweaters,
coke bottle,
kitten,
keh,
sportsmn,
super hero trump,
walking,
vacationdays,
bud,
classes,
baggage,
tula,
minnie mouse,
sachin,
waha,
bornfree,
troubles,
instrument,
alwaysyours,
daalogey,
zobie,
curse,
transport,
haaye,
call,
final,
pyjamas,
bullet,
aiyashi,
rosesh sarabhai,
pillow,
sahaara,
rose,
ours,
sword,
ace,
chuka,
donkopakadna,
itna,
castle,
maajhi,
rishtemeinboss,
lookinggood,
liar,
Zinedine Zidane,
shots,
retro,
bubble,
son,
kadak,
doodh,
silentmodeon,
giril,
creatues,
bull,
warmers,
non-violence,
weekending,
everyone,
xmas tree,
bday,
simha,
post,
clarkkent,
jhaduu,
mandir,
extreme,
donald trump,
coloured,
offs,
kahenge,
bhaipadhade,
solar,
hotornot,
bolne,
gun,
nocreditonlycash,
attitude,
cinema,
kya,
maharashtra,
kisi,
cheese,
yaar,
churail,
peecha,
water balloon,
when,
rat,
nowifi,
always,
yellow hair,
planning,
date night,
lovebeer,
bheeg,
horse,
sahara,
know,
shit,
dandiya sticks,
tough,
safai,
christmas socks,
patty,
gogetmarried,
text,
tiptipbarse,
biwi,
uthaya,
jofitwohit,
unavailable,
fest,
givememore,
idiots,
talks,
shor,
packyourbags,
yakeen,
plan of action,
umpire,
whusuchlatereply,
aaaa,
no plans,
pili,
balls,
beep beep,
goa,
explain,
handsome,
jailor,
amyadams,
dumbbell,
music,
funny,
baapkosikhayega,
gadbad,
goddess,
joint,
blackboard,
wajan,
zoned,
already,
taxi,
cab pool,
makkhi,
booy,
itwentfloating,
pehnu,
humdildechukesanam,
happychocolateday,
beers,
pancakes,
ethnic wear,
travelpartner,
jackpot,
rosesh,
little,
khud,
maang,
athing,
kangana,
sexism,
new year wishes,
choriyaa,
pahalwaan,
harhar,
homescience,
radhalikestoparty,
cartoon network,
sallu,
callmena,
lol,
selling,
Real Madrid,
biking,
communicative,
organise,
weigh,
daku,
thoughts,
sisbling,
karo,
beontime,
illegal,
sensual,
kin,
chit,
aim,
namasteaunty,
i'm,
happyexploring,
treasure,
stomach ache,
expressive,
mobile,
miss call,
musaddi,
karge,
girlfrend,
cowboy hat,
kadakchai,
din,
phat,
happyvalentines,
madras,
window,
idhar,
season,
dua,
welldone,
lovesick,
pujo,
measure,
fuck off,
chunt,
warning,
unbearable,
dono,
askout,
launda,
yeah,
good job,
night,
pain,
pegs,
bonvoyage,
bringingpeopletogether,
ilikethingshot,
whatdoyouwanttosay,
uniform,
kapor,
makara,
cousins,
cartoon,
medicine,
withcraft,
pls,
dhule,
beard,
email,
nomoney,
interns,
hi,
timeismoney,
motakiskobola,
hoolahhoop,
starter,
first,
till,
hatt,
group chat,
delayed,
chalogi,
isshewithyou,
oprah,
grandma,
gamechange,
proxydede,
midnite,
naha,
find,
kidar,
seniorhoon,
city,
getting,
racing,
zindabaad,
powerpuff,
leaving,
noji,
hny,
orange hair,
monisha sarabhai,
loveyoubrother,
cartooon network,
beaches,
sholay,
paani,
khaana,
holi colours,
mullah,
threat,
don,
romance,
achieve,
saare jahan se acha,
likekaro,
procrastinate,
days,
ballerina,
bar,
toh do,
there,
stole,
bachelor,
plant,
coversation,
deewanimastani,
bullseye,
olympics,
iluvyou,
vegies,
du,
conscious,
lips,
elebrate,
iloverain,
who,
kingofidiots,
parents,
goat,
oye,
dateme,
khoke,
reason,
4days,
diwas,
dude,
mybitches,
sweating,
dare,
away,
5minutesmore,
chee,
whostalking,
mountain dew,
chicken,
heartbroken,
thalaiva,
xmas,
where,
delhi metro,
kalsepukka,
bedtime,
holiday,
cnaa,
faking illness,
mini,
nooo,
daughter,
people,
current,
lean,
rascala,
kanoon,
toothpaste,
kasa,
mood,
BADE MEOW,
luckbychance,
complain,
awake,
bajrangi,
bahan,
stevejobs,
worker,
table,
chaa,
illusion,
dresss,
icecream,
question,
skeletor,
pigeon,
school kid,
comedy,
kyakhaoge,
lungi dance,
women,
bleed,
ekekhojaye,
mingle,
greet,
nahana,
violin,
rang,
let'sforkandspoon,
peena,
jump,
phatgayi,
bachelortrip,
brushed,
lucky,
atta,
secretary,
fuckin,
loud,
cussing,
chaisuttachronicles,
cuteness,
rakshabandhan,
cheersman,
taufa,
school dress,
stake,
loads,
janamashtmi,
girlfriend,
mountain,
file,
where's,
karaoke,
hibernation,
etc,
christmas carol,
khatra,
nikaal,
sabka,
pulling,
bachgaya,
eccentric,
janti,
weight,
shower,
mauka,
angel,
housekeeper,
slay,
jawab,
problem,
wicket,
gayi,
shining,
ourgroup,
fooled,
rain,
back,
independent,
dil,
namaskar,
pinky,
aweyihi,
snail,
good night,
deal,
ganapati,
dukandaar,
note,
facebook,
thaali,
talkingto,
rules,
jaanam,
jeenekehai4din,
giveittome,
heartache,
dangal hoga,
outdoors,
ballet,
grond,
mard,
issue,
ed,
male,
maakhathkakhana,
khelte,
unwinding,
spice,
suggest,
large,
saxy,
jyada,
haanikarak,
slate,
everyones,
work place,
salmankhan,
worship,
south indian actor,
frieds,
chopping,
fold,
loveyousis,
bench,
baksheesh,
pussycat,
phucku,
soty,
befit,
slap,
gosh,
bhajji,
detect,
imcookingtonight,
sachin tendulkar,
gubbare,
shades,
water gun,
ladoo,
usemobile,
ice,
jaanmatjao,
wala,
bathing,
apun,
racket,
internships,
hard,
xmas present,
peesinandpeesing,
ap,
cell phone,
suspenders,
scale,
marathi,
bata,
MEOW,
thai ishqiya,
scrub,
boltibandh,
luvyoutoo,
half,
road runner,
know me,
american election 2016,
selflove,
struggle,
pani,
summer,
scorching,
kye,
loveyoutoo,
kritisanon,
indian cricketer,
bahunga,
batao,
jhakkas,
bill,
baarsh,
rocket,
powerful,
holii,
paka,
hawaa,
world,
drummer,
dhyaando,
making,
ullu,
kitaab,
orange,
chaar,
lunga,
vatt,
hogging,
by,
sweeterthancandy,
alcoholichu,
rakhii,
delhi,
look,
cups,
bowled,
iloveyoubaby,
yaari,
ladiesnight,
loljk,
in bed,
yanna rascala,
pinkalicious,
conflict,
rainydayandtea,
happyvalentinesday,
shirtless,
vacation,
movie dialogues,
sweet tooth,
angryteacher,
support,
whinning,
vc,
perform,
respect,
dirty clothes,
mujhseshaadikaroge,
torch,
mitra,
hugme,
chori,
dhyaan,
ladayein,
pechkas,
bhaaag,
iwill,
patient,
snowflakes,
enough,
quit,
cola,
fighting,
ciao,
sickness,
luvu2,
todenge,
dumbell,
delhi metro train,
snowballs,
dont,
iamthediva,
dogs,
cricketer,
umbrella,
pappi,
nocredit,
mirandafest,
allyouneedislove,
sosick,
comfortable,
lutt,
roseday,
shubh,
daring,
lame,
partykahahai,
low on cash,
gogo,
dada,
hilarious,
lene,
woof,
nandlala,
medicines,
loot,
girl in towel,
isshtyle,
true,
many,
geeta phogat,
don'toverestimateyourself,
kark,
overacting,
belt,
vrishabha,
nopower,
prediwali,
one,
aii,
aww,
tumko,
yashodha,
acha kaam,
hitman,
janwar,
aiming,
mug,
depressed,
peetey,
chance,
please,
holi,
inspiration,
ground,
watdafuq,
ramadan,
beverage,
dhanyawad,
jo,
having,
balleballe,
suspicious,
super,
dl,
mexican,
boondon,
growup,
close,
wealth,
celebration,
viral,
glory,
chhoddo,
pricey,
pitchers,
weekend off,
dead phone,
karega,
crossed feet,
choice,
rich,
dekhbhai,
tarveler,
dresser,
makhan,
interrupt,
padhai,
nightsuit,
lipstick,
cardparty,
hunter,
chart,
hind,
respond,
himmatbatayinahidikhayijatihai,
pranav,
tray,
auto driver,
chalk,
bhaukal,
pisceanwoman,
mommas boy,
Townsville,
giftkahahai,
get,
lovenot,
broke down,
thumbs up,
cruel intentions,
moti,
mall,
kuch,
nickers,
preity,
wonder,
pingagapori,
lose,
comedy shows,
george,
idonotwanttoloseyou,
abs,
bhabikitthehai,
republic,
swiperightmaterial,
kanjoos,
delhi auto,
ranveersingh,
no money,
toilet,
cob,
surprised,
majorramprasadsharma,
all right,
cloak,
3gpebiji,
hygiene,
south indian dialogues,
saale,
dara,
roadrunner,
click,
partying,
mumbai,
kitna,
you've been naughty this year,
tika,
flaunt,
mister,
mine,
lal quila,
alwaysright,
sardarmaineaapkanamakkhaya,
phokat,
scare,
obsessed,
pissed off,
boo,
dreamjob,
mele,
jellyfish,
dekhpagli,
talktime,
mad,
proud,
uncha,
thankies,
apna,
kaise,
letsbunk,
wealthishealth,
calling,
misstemperamental,
pout,
sakta,
tummy,
classbunk,
app,
captain,
sakshi tanwar,
bahar,
u.s.a,
traveler,
pata,
xoxo,
fun,
rank,
toast,
st patricks day,
pump,
ceo,
kind,
sher,
coffee,
pindropsilence,
black widow,
bebold,
romeo,
indian cricket fan,
HUGS,
selfconfidence,
aram,
hotpink,
summerchill,
my,
broke girls,
multi,
