Love isn't,സ്നേഹം അല്ല
love story,പ്രണയകഥ
If you,നിങ്ങളാണെങ്കിൽ
fall in love,പ്രണയത്തിൽ അകപ്പെടുക
Love in Life,ജീവിതത്തിലെ സ്നേഹം
Make the life beautiful..,ജീവിതം മനോഹരമാക്കുക ..
True Love,യഥാർത്ഥ സ്നേഹം
No doubts,ഒരു സംശയവുമില്ല
blue shrit,നീല ഷർട്ട്
Doraemon,ഡോറമൺ
Jeena ka sahi,ജീവിക്കാനുള്ള അവകാശം
dhang,മന്നർ
sikho tum,നിങ്ങളെ പഠിക്കൂ
iske sung.,അതിന്റെ ആലാപനം
pleasant,സുഖകരമാണ്
cutebaby,ഭംഗിയുള്ള കുഞ്ഞ്
try you,നിങ്ങളെ പരീക്ഷിക്കൂ
will succeed,വിജയിക്കും
Motivational Quote,പ്രചോദനപരമായ ഉദ്ധരണി
Encouraging,പ്രോത്സാഹിപ്പിക്കുന്നു
You To,നിങ്ങൾ ടു
Succeed In Anything,എന്തും വിജയിക്കുക
womb,ഗർഭപാത്രം
Suceed,തുടരുക
Stop Trying,ശ്രമിക്കുന്നത് നിർത്തുക
Suggestions,നിർദ്ദേശങ്ങൾ
Great advice.,മികച്ച ഉപദേശം.
Deciding to,തീരുമാനിക്കുന്നത്
trying to appear,ദൃശ്യമാകാൻ ശ്രമിക്കുന്നു
the same,അതുതന്നെ
Nobita,നോബിറ്റ
Nisaan,നിസ്സാൻ
My mistake,എന്റെ തെറ്റ്
Baby i 'm,ബേബി ഞാൻ
inconvenience,അസൌകര്യം
Sorry Guys,ക്ഷമിക്കണം, സഞ്ചി
Disgusting!,വെറുപ്പുളവാക്കുന്ന!
Forgiving,ക്ഷമിക്കുന്നു
is not,അല്ല
forgetting,മറക്കുന്നു
remain alive,ജീവനോടെയിരിക്കുക
adieu,adieu
bye-bye,ബൈ ബൈ
good day,ശുഭദിനം
nipple,മുലക്കണ്ണ്
brew,ചേരുവ
refreshment,ഉന്മേഷം
biting,കടിക്കുന്നു
chilly,മുളക്
belch,ഏമ്പക്കം വിടുക
indianbaby,indianbaby
littlebaby,ചെറിയ കുഞ്ഞ്
cuteson,cuteson
hellobaby,ഹലോബാബി
hibaby,ഹിബാബി
love friends,സുഹൃത്തുക്കളെ സ്നേഹിക്കുക
mate girlfriend,ഇണയുടെ കാമുകി
jigri,അത് സംഭവിക്കുന്നു
sibling,സഹോദരൻ
rhyming slangskin,റൈമിംഗ് സ്ലാങ്‌സ്‌കിൻ
working together,ഒരുമിച്ച് പ്രവർത്തിക്കുന്നു
characters,പ്രതീകങ്ങൾ
japan cartoon,ജപ്പാൻ കാർട്ടൂൺ
accept,അംഗീകരിക്കുക
adopt,ദത്തെടുക്കുക
appoint,നിയമിക്കുക
determine,നിർണ്ണയിക്കുക
japan girls,ജപ്പാൻ പെൺകുട്ടികൾ
organization,സംഘടന
nickname,വിളിപ്പേര്
signature,കയ്യൊപ്പ്
term,ടേം
fondness,സ്നേഹം
devotion,ഭക്തി
infatuation,മതിമോഹം
tenderness,ആർദ്രത
emperor,ചക്രവർത്തി
monarch,രാജാവ്
bikegirl,ബികാഗിറൽ
catgirl,catgirl
japangirl,japangirl
japanboy,ജപ്പാൻ‌ബോയ്
designate,നിയുക്തമാക്കുക
hook,ഹുക്ക്
finest,മികച്ചത്
leading,നയിക്കുന്നു
outstanding,കുടിശ്ശിക
Olympic Skills,ഒളിമ്പിക് കഴിവുകൾ
athelets,അത്ലറ്റുകൾ
toy hoop,കളിപ്പാട്ട വളവ്
twirled around,ചുറ്റും വളഞ്ഞു
waist,അരക്കെട്ട്
storytelling dance,കഥ പറയുന്ന നൃത്തം
hoopdance,hoopdance
weight loose,ഭാരനഷ്ടം
India sports,ഇന്ത്യ സ്പോർട്സ്
is best,മികച്ചതാണ്
gymnastics,ജിംനാസ്റ്റിക്സ്
weight training,ഭാരോദ്വഹനം
games motivation,ഗെയിമുകളുടെ പ്രചോദനം
practice practising,പരിശീലിക്കുക
never lose,ഒരിക്കലും നഷ്ടപ്പെടരുത്
gold silver,സ്വർണ്ണം വെള്ളി
bronze,വെങ്കലം
athletes,അത്ലറ്റുകൾ
chakka chauka,സിക്സർ ഫോറുകൾ
motivating,പ്രചോദനം
luck  leader,ഭാഗ്യ നേതാവ്
caricature,കാരിക്കേച്ചർ
comic strip,കോമിക്ക് സ്ട്രിപ്പ്
japan,ജപ്പാൻ
with ghost,പ്രേതവുമായി
framework of bone,അസ്ഥിയുടെ ചട്ടക്കൂട്
the human skeleton,മനുഷ്യ അസ്ഥികൂടം
framestar,ഫ്രെയിംസ്റ്റാർ
women power,സ്ത്രീ ശക്തി
shaadi ke,വിവാഹത്തിന്റെ
tayyar ho,സ്ട്രീം ആണ്
shaadi barbadi,വിവാഹ നാശം
do you,നീ
punjaban,പഞ്ചാബൻ
kuyun,കുയൂൺ
late ho,വൈകി
your servant,നിന്റെ ദാസൻ
naukarni,വേലക്കാരി
excuse me,എക്സ്ക്യൂസ് മീ
i am manjith singh,ഞാൻ മഞ്ജിത്ത് സിംഗ്
my address,എന്റെ വിലാസം
is sector 17,സെക്ടർ 17 ആണ്
babyy,ബേബി
out loudly,ഉറക്കെ
daddi,ഡാഡി
muchahe,അക്കേഷ്യ
status,പദവി
posts,പോസ്റ്റുകൾ
messages,സന്ദേശങ്ങൾ
weblinks,വെബ്‌ലിങ്കുകൾ
invites,ക്ഷണിക്കുന്നു
pokes,പോക്കുകൾ
blue top,നീല ടോപ്പ്
royal blue\,രാജകീയ നീല\
royalness,രാജകീയത
old woman,വയസ്സായ സ്ത്രീ
atrocious,ക്രൂരത
crummy,നുറുക്ക്
dreadful,ഭയങ്കര
bajena chaiye,അവ യഥാർത്ഥമാണ്
ganaa,എണ്ണം
gana gana ganaaa,win win win
playing it,അത് കളിക്കുന്നു
continously,തുടർച്ചയായി
lets do,നമുക്ക് ചെയ്യാം
something different,എന്തോ പ്രത്യേകതയുള്ളത്
hatke,കൈയിലേക്ക്
wear this,ഇത് ധരിക്കുക
life will,ജീവിതം
be awesome,ആകർഷകമായിരിക്കുക
earnings,വരുമാനം
red hot dress,ചുവന്ന ചൂടുള്ള വസ്ത്രധാരണം
hotness overloaded,ഹോട്ട്നെസ് ഓവർലോഡ്
lets hold,പിടിക്കാൻ അനുവദിക്കുന്നു
whole,മുഴുവനും
palms,തെങ്ങുകൾ
obama,ഒബാമ
ruling,ഭരിക്കുന്നു
leadership,നേതൃത്വം
saus,സോസ്
chili tomato sauce,മുളക് തക്കാളി സോസ്
sandwhich,സാൻ‌ഡ്‌വിച്ച്
tastier,രുചിയുള്ള
maggiee,മാഗി
choolate,ചോക്ലേറ്റ്
is melting,ഉരുകുകയാണ്
for alpenliebe,ആൽപെൻ‌ലീബിനായി
beautiful women,സുന്ദരികളായ സ്ത്രീകൾ
airel,ജാഗ്രത
stain,കറ
dirty stains,വൃത്തികെട്ട കറ
shirts,ഷർട്ടുകൾ
top load,ടോപ്പ് ലോഡ്
front load,ഫ്രണ്ട് ലോഡ്
washing powder,അലക്ക് പൊടി
bigg wala,ബിഗ് വാല
toing !!,ടോയിംഗ് !!
sad women,ദു sad ഖിതരായ സ്ത്രീകൾ
khichna,വലിക്കാൻ
bedsheet,ബെഡ് ഷീറ്റ്
cold drink,തണുത്ത പാനീയം
summer time,വേനൽക്കാലം
stunts,സ്റ്റണ്ടുകൾ
chakle zara,അല്പം
salman da fan,സൽമാനും ആരാധകനും
awesome for,ആകർഷകമാണ്
white clothes,വെളുത്ത വസ്ത്രങ്ങൾ
drops,തുള്ളികൾ
washing technique,വാഷിംഗ് ടെക്നിക്
washing liquid,വാഷിംഗ് ലിക്വിഡ്
white shirt,വെള്ള ഷർട്ട്
is enough,മതി
haapy face,സന്തോഷമുള്ള മുഖം
less strain,കുറവ് ബുദ്ധിമുട്ട്
easy to use,ഉപയോഗിക്കാൻ എളുപ്പമാണ്
cute kitty,ക്യൂട്ട് കിറ്റി
white small dog,വെളുത്ത ചെറിയ നായ
\women,\ സ്ത്രീകൾ
muchawale,പ്രകാശം
acha nai,ace na
jo bhi,എന്തായാലും
baatb karna,സംസാരിക്കാൻ
haath se,കൈകൊണ്ട്
lady in,ലേഡി ഇൻ
girl in black,കറുത്ത നിറത്തിലുള്ള പെൺകുട്ടി
hanbag,ഹാൻഡ്‌ബാഗ്
ghar science,ഹ Science സ് സയൻസ്
se nai,ഏറ്റവും കൂടുതൽ ആകുക
home science,ഹോം സയൻസ്
chalta,നടക്കുന്നു
runs not,ഓടുന്നില്ല
due to science,ശാസ്ത്രം കാരണം
due to,കാരണം
home science.,ഹോം സയൻസ്.
the kapil sharma show,കപിൽ ശർമ്മ ഷോ
bitto,ബിറ്റ്
2 min,2 മിനിറ്റ്
quick to eat,വേഗത്തിൽ കഴിക്കുക
ready to make,നിർമ്മിക്കാൻ തയ്യാറാണ്
kaappuu,ശിഎല്ദിന്ഗ് വേണ്ടി
wifey,ഭാര്യ
fulfilling demands,ആവശ്യങ്ങൾ നിറവേറ്റുന്നു
malls,മാളുകൾ
jewelleries,ആഭരണങ്ങൾ
shaadi ke phele,വിവാഹത്തിന് മുമ്പ്
before mariiage,വിവാഹത്തിന് മുമ്പ്
after marriage,വിവാഹശേഷം
cermony,ചടങ്ങ്
haldi,കസ്റ്റഡിയിൽ
rasam,rasam
mehendi,മെഹെന്ദി
expenses,ചെലവുകൾ
pati,സ്വയം
unlog ka,അവയിൽ
raja hai,രാജാവ് ഹായ്
king of all,എല്ലാവരുടെയും രാജാവ്
husband - wife,ഭർത്താവ് - ഭാര്യ
i wanted,എനിക്ക് വേണം
simple,ലളിതം
hsuband,ഭർത്താവ്
like you,നിങ്ങളെ ഇഷ്ടപ്പെടുന്നു
compalint,പരാതി
]not like you,]നിങ്ങളെപ്പോലെ അല്ല
lady of house,വീട്ടിലെ സ്ത്രീ
kahavat,പഴഞ്ചൊല്ല്
happy girl,സന്തോഷവതിയായ പെൺകുട്ടി
happy lady,സന്തോഷവതിയായ സ്ത്രീ
nanniji,എന്ത് പരിപാലനം
ginger that,ഇഞ്ചി അത്
growing from,മുതൽ വളരുന്നു
any side,ഏത് വശവും
phelana,ഫെലാന
spreading,പടരുന്ന
badhana,വർദ്ധിപ്പിക്കാൻ
disaster,ദുരന്തം
kapusharma,കപുശര്മ
simpsons,സിംപ്‌സൺസ്
frank family,ഫ്രാങ്ക് കുടുംബം
MattGroening,മത്ത്ഗ്രൊഎനിന്ഗ്
comical,കോമിക്കൽ
Springfield.,സ്പ്രിംഗ്ഫീൽഡ്.
in bits and pieces,കഷണങ്ങളായി
piece by piece,കഷണം കഷ്ണമായി
approved,അംഗീകരിച്ചു
good work,നല്ല ജോലി
yippy,yippy
ya ho,ഓ
and calm,ശാന്തത
Woo,വൂ
Hoo!,അവൻ!
asked,ചോദിച്ചു
kuch bhi,എന്തും
ainvay bolneka,ഉറക്കെ സംസാരിക്കാൻ
pakkav,പക്കവെ
dare to,ആരുമായി
yoyo honey singh,യോയോ തേൻ സിംഗ്
knees,കാൽമുട്ടുകൾ
is he,അവനാണോ
giving you,നിങ്ങൾക്ക് തരുന്നു
woh kya,അതെന്താണ്
deraha hai,വൈകി
angry mood,ദേഷ്യം നിറഞ്ഞ മാനസികാവസ്ഥ
mooddy,ഭ്രാന്തൻ
royal blue shirt,രാജകീയ നീല ഷർട്ട്
more time,കൂടുതൽ സമയം
titan,ടൈറ്റൻ
rolex,റോളക്സ്
fast track,വേഗത്തിലുള്ള ട്രാക്ക്
men's watch,പുരുഷന്മാരുടെ വാച്ച്
bas hua,അവൻ മാത്രമാണ്
bhaut der,വളരെ വൈകി
karahe ho,നിങ്ങൾ എന്താണ് ചെയ്യുന്നത്
want to,ആഗ്രഹിക്കുന്നു
actually,യഥാർത്ഥത്തിൽ
kya chahte ho,നിങ്ങൾക്ക് എന്താണ് വേണ്ടത്
saaf saaf bolo,വ്യക്തമായി സംസാരിക്കുക
be clear,വ്യക്തമായിരിക്കുക
from here,ഇവിടെ നിന്ന്
dont stay,താമസിക്കരുത്
in front,മുന്നിൽ
of my eyes,എന്റെ കണ്ണുകളിൽ
just leave it,അത് ഉപേക്ഷിക്കുക
go from here,ഇവിടെ നിന്ന് പോകുക
come back,തിരിച്ചുവാ
from,മുതൽ
bunking,ബങ്കിംഗ്
dont say,പറയരുത്
two of,രണ്ട്
them,അവ
are talking,സംസാരിക്കുന്നു
keep your,സൂക്ഷിക്കുക
mouth,വായ
okkk,ജോക്ക്
are now,ഇപ്പോൾ
weak,ദുർബലമാണ്
not strong,ശക്തമല്ല
kacha nimbu\,അസംസ്കൃത നാരങ്ങ
kuddos,കുടുംബശ്രീ
bachkani harkat,ബാലിശമായ പ്രവൃത്തി
you count,നിങ്ങൾ എണ്ണുന്നു
10 numbers',10 അക്കങ്ങൾ '
speed,വേഗത
high speed,ഉയർന്ന വേഗത
bas agaya,ലഭിച്ചു
aaj ke,ഇന്നത്തെ
baad,ചിലത്
aapko,നിങ്ങൾക്ക്
complaint,പരാതി
accusation,ആരോപണം
dialog bollywood,ബോളിവുഡ് ഡയലോഗ്
hindi movie,ഹിന്ദി സിനിമ
inclination,ചെരിവ്
overjoyed,സന്തോഷിച്ചു
apologetic,ക്ഷമാപണം
contrite,contrite
touched,തൊട്ടു
old film,പഴയ സിനിമ
succhi,പഴച്ചാറുകൾ
apne,ഞങ്ങളുടെ
lag jaati h,തോന്നുന്നു
bureaucratic,ബ്യൂറോക്രാറ്റിക്
neta,മെറ്റീരിയൽ
samba,സാംബ
political,രാഷ്ട്രീയ
not give,നൽകരുത്
bnana,നിർമ്മിക്കാൻ
indian neta,ഇന്ത്യൻ നെത
bahart,ബഹാർട്ട്
country,രാജ്യം
without,കൂടാതെ
nightmare,പേടിസ്വപ്നം
imagination,ഭാവന
slef,സ്ലെഫ്
effort,പരിശ്രമം
endeavor,ശ്രമം
how are you,എന്തൊക്കെയുണ്ട്
block,തടയുക
pause,താൽക്കാലികമായി നിർത്തുക
itt,ഇവിടെ
barricade,ബാരിക്കേഡ്
equitable,നീതി
doesnot,ചെയ്യരുത്
in the trees,മരങ്ങളിൽ
papaji,പപ്പാജി
angry dad,ദേഷ്യപ്പെട്ട അച്ഛൻ
you considered,നിങ്ങൾ പരിഗണിച്ചു
home as,വീട് പോലെ
hotel?,ഹോട്ടൽ?
hotels,ഹോട്ടലുകൾ
bapuji,ബാപ്പു
from the,മുതൽ
neighbourhood,അയല്പക്കം
padhosi,അയയ്‌ക്കുക
bajuwale,ബജുവാലെ
sikho,പഠിക്കുക
good manners,നല്ലപെരുമാറ്റം
blue sweeter,നീല സ്വെറ്റർ
values,മൂല്യങ്ങൾ
bheaving,ബീവിംഗ്
good to,നല്ലത്
anymore,ഇനി
nai raha,ആയിരുന്നില്ല
nomore,കൂടുതലൊന്നുമില്ല
flying dad,പറക്കുന്ന അച്ഛൻ
will cut,മുറിക്കും
my nose,എന്റെ മൂക്ക്
one day,ഒരുദിവസം
insult,അപമാനം
badnami,അപവാദം
izzat gavana,ബഹുമാനിക്കുക
after getting elder,മൂപ്പനായ ശേഷം
will you,നീ ഇത് ചെയ്യുമോ
selll,selll
potatos?,ഉരുളക്കിഴങ്ങ്?
sweet potatos,മധുര കിഴങ്ങ്
alooffry,അലോഫ്രി
babuji,ബാബുജി
orange lungi,നീളമുള്ള ഓറഞ്ച്
u cant,നിങ്ങൾക്ക് കഴിയില്ല
do my son,എന്റെ മകനെ ചെയ്യൂ
my dear,എന്റെ പ്രിയപ്പെട്ട ‭
its not,അതല്ല
cup of,കപ്പ്
what will,എന്താകും
blue t shirt,നീല ടി ഷർട്ട്
frustated,നിരാശനായി
boring son,വിരസമായ മകൻ
dhoti wale papa,ധോട്ടി പപ്പാ
have you,നിങ്ങൾക്ക് ഉണ്ടോ?
understnad me,എന്നെ മനസിലാക്കൂ
as your servant,നിങ്ങളുടെ ദാസനെപ്പോലെ
wrong understanding,തെറ്റായ ധാരണ
misconception,തെറ്റിദ്ധാരണ
showting,കാണിക്കുന്നു
surprising,ആശ്ചര്യകരമാണ്
zeus,സ്യൂസ്
rap,റാപ്പ്
jaystar,ജെസ്റ്റർ
raftar,വേഗത
imran,ഇമ്രാൻ
bohemia,ബോഹെമിയ
badshah,രാജാവ്
searching,തിരയുന്നു
comparing,താരതമ്യം ചെയ്യുന്നു
cheating,വഞ്ചന
enjoying,ആസ്വദിക്കുന്നു
testing,പരിശോധന
dashboard,ഡാഷ്ബോർഡ്
monday,തിങ്കളാഴ്ച
resignation,രാജി
admin,അഡ്മിൻ
peon,പ്യൂൺ
cafetaria,കഫറ്റീരിയ
stayback,പിന്നോട്ട് നിൽക്കൂ
smoker,പുകവലിക്കാരൻ
sutta-break,ഇടവേള
yellow dress,മഞ്ഞ വസ്ത്രധാരണം
yellow top,മഞ്ഞ ടോപ്പ്
lets meet,നമുക്ക് കണ്ടുമുട്ടാം
swipe right material,ശരിയായ മെറ്റീരിയൽ സ്വൈപ്പുചെയ്യുക
pink sweater,പിങ്ക് സ്വെറ്റർ
polo t shirt,പോളോ ടി ഷർട്ട്
super like,സൂപ്പർ ലൈക്ക്
orange top,ഓറഞ്ച് ടോപ്പ്
coffee mug,കാപ്പി കോപ്പ
ask out,ചോദിക്കുക
blue cardigan,നീല കാർഡിഗൻ
heart it,ഹൃദയം
swipe right,വലത്തേക്ക് സ്വൈപ്പുചെയ്യുക
pink top,പിങ്ക് ടോപ്പ്
swipe left,ഇടത്തേക്ക് സ്വൈപ്പുചെയ്യുക
blue shirt,നീല ഷർട്ട്
green top,പച്ച ടോപ്പ്
mc donalds wrap,എംസി ഡൊണാൾഡ്സ് റാപ്
green shirt,പച്ച ഷർട്ട്
red t,ചുവപ്പ് ടി
red tshirt,ചുവന്ന ഷർട്ട്
blue jeans,നീല ജീൻസ്
big burger,വലിയ ബർഗർ
extra fries,അധിക ഫ്രൈസ്
tomato sauce,തക്കാളി സോസ്
indian suit,ഇന്ത്യൻ സ്യൂട്ട്
tights,ടൈറ്റ്സ്
leggings,ലെഗ്ഗിംഗ്സ്
sports wear,സ്പോർട്സ് വസ്ത്രങ്ങൾ
pink tp,പിങ്ക് ടിപി
easy shopping,എളുപ്പമുള്ള ഷോപ്പിംഗ്
flipkart delivery,ഫ്ലിപ്പ്കാർട്ട് ഡെലിവറി
delivery man,ഡെലിവറി മാൻ
courier,കൊറിയർ
online shopping,ഓൺലൈൻ ഷോപ്പിംഗ്
delivry,ഡെലിവറി
flipkart pe shopping,ഷോപ്പിംഗിലെ ഫ്ലിപ്പ്കാർട്ട്
shopping on flipkart,ഫ്ലിപ്പ്കാർട്ടിൽ ഷോപ്പിംഗ്
chill maar,ചില്ല്
credit card shopping,ക്രെഡിറ്റ് കാർഡ് ഷോപ്പിംഗ്
easy emi,ചെയ്യാൻ എളുപ്പമാണ്
debit card,ഡെബിറ്റ് കാർഡ്
delivery boy,ഡെലിവറി ബോയ്
red top,ചുവന്ന ടോപ്പ്
trusted app,വിശ്വസനീയമായ അപ്ലിക്കേഷൻ
led tv,നയിച്ച ടിവി
lcd tv,lcd ടിവി
buying,വാങ്ങൽ
flipkart,ഫ്ലിപ്പ്കാർട്ട്
new box,പുതിയ ബോക്സ്
new clothes,പുതിയ വസ്ത്രങ്ങള്
orange dress,ഓറഞ്ച് വസ്ത്രധാരണം
mac,മാക്
lenovo,ലെനോവോ
hp,എച്ച്പി
dell,ഡെൽ
mobile shopping,മൊബൈൽ ഷോപ്പിംഗ്
bedroom,കിടപ്പുമുറി
furniture,ഫർണിച്ചർ
coat,കോട്ട്
deals,ഡീലുകൾ
shopping on mobile,മൊബൈലിൽ ഷോപ്പിംഗ്
flipkart app,ഫ്ലിപ്പ്കാർട്ട് അപ്ലിക്കേഷൻ
mobil,കാർ
dreaming,സ്വപ്നം കാണുന്നു
flipkart shopping,ഫ്ലിപ്പ്കാർട്ട് ഷോപ്പിംഗ്
hottest destination,ഏറ്റവും മികച്ച ലക്ഷ്യസ്ഥാനം
shopping online,ഓൺലൈനിൽ ഷോപ്പിംഗ്
shop and save,ഷോപ്പുചെയ്‌ത് സംരക്ഷിക്കുക
offers,ഓഫറുകൾ
sales,വിൽപ്പന
save money,പണം ലാഭിക്കുക
red t shirt,ചുവന്ന ടി ഷർട്ട്
striped top,വരയുള്ള ടോപ്പ്
taste of life,ജീവിതത്തിന്റെ രുചി
girl holding bottle,പെൺകുട്ടി കുപ്പി പിടിക്കുന്നു
bottle of coke,കോക്ക് കുപ്പി
holding bottle,ഹോൾഡിംഗ് ബോട്ടിൽ
share happiness,സന്തോഷം പങ്കിടുക
softdrinks,സോഫ്റ്റ് ഡ്രിങ്കുകൾ
professional wear,പ്രൊഫഷണൽ വസ്ത്രം
wrist band,റിസ്റ്റ് ബാൻഡ്
shake up party,പാർട്ടി ഇളക്കുക
red dress,ചുവന്ന വസ്ത്രം
real thing,യഥാർത്ഥ കാര്യം
white pants,വെളുത്ത പാന്റ്സ്
lets have,നമുക്ക് ആവാം
crop top,ക്രോപ്പ് ടോപ്പ്
love coke,ലവ് കോക്ക്
track pants,പാന്റ് ട്രാക്ക് ചെയ്യുക
opener,ഓപ്പണർ
open happiness,തുറന്ന സന്തോഷം
want pizza,പിസ്സ വേണം
black jeans,കറുത്ത ജീൻസ്
grey jeans,ഗ്രേ ജീൻസ്
lets eat,നമുക്ക് തിന്നാം
food delivery,ഭക്ഷണ വിതരണം
bags of food,ഭക്ഷണ സഞ്ചികൾ
jeas,ജീസ്
lets meet up,കണ്ടുമുട്ടാൻ അനുവദിക്കുന്നു
meet up,കണ്ടുമുട്ടുക
hang out,ഹാംഗ്ഔട്ട്
dinning,ഡൈനിംഗ്
restaurant booking,റെസ്റ്റോറന്റ് ബുക്കിംഗ്
food joke,ഭക്ഷണ തമാശ
cooking tonight,ഇന്ന് രാത്രി പാചകം
flames,തീജ്വാലകൾ
like it hot,ചൂടുള്ളതുപോലെ
taco bell,ടാക്കോ മണി
mexican tacos,മെക്സിക്കൻ ടാക്കോസ്
food talks,ഭക്ഷണ ചർച്ചകൾ
midnight delivery,അർദ്ധരാത്രി ഡെലിവറി
midnight bites,അർദ്ധരാത്രി കടിച്ചു
mdnight food joints,അർദ്ധരാത്രി ഭക്ഷണ സന്ധികൾ
midnight food,അർദ്ധരാത്രി ഭക്ഷണം
midnight food joints,അർദ്ധരാത്രി ഭക്ഷണ സന്ധികൾ
late night order,രാത്രി വൈകിയുള്ള ഓർഡർ
plane,വിമാനം
lollypop,ലോലിപോപ്പ്
bhojpuri,ഭോജ്പുരി
lolas,ലോലാസ്
asd,അസ്ദ്
ddd,ddd
lahnga,പാവാട
uthadeb,ഉപേബ്
chokariya,ചോക്രിയ
golgappa,ഗോൽഗപ്പ
pardesh,സംസ്ഥാനം
lechala,പുൽത്തകിടി
lagalba,ലഗൽബ
betaji,മകൻ
patak,ക്രീക്ക്
marab,അറബി
jia,ചേർക്കുക
mehraru,മെഹുറോ
chahi,ആവശ്യം
hamka,ഹംക
lagal,നുണ പറഞ്ഞു
goriya,ത്യാഗം
curent,നിലവിലെ
Tamilgreetings,തമിഴ് ആശംസകൾ
bangla,ബംഗ്ല
regional,പ്രാദേശികം
newspaper,പത്രം
newday,പുതിയ ദിവസം
curd,തൈര്
dhoti,ധോതി
traditiona,പരമ്പരാഗതം
bangali,ബംഗാളി
roshogolla,റോഷോഗോള
indonesia,ഇന്തോനേഷ്യ
soekarno,soekarno
quote,ഉദ്ധരണി
kartini,കാർട്ടിനി
mothersday,മാതൃദിനം
words,വാക്കുകൾ
pancasila,പാൻകസില
muffin,കഷണം
widdow,വിധവ
marvel,അത്ഭുതം
gamora,ഗാമോറ
guardians,രക്ഷാധികാരികൾ
harley,ഹാർലി
quinn,ക്വിൻ
comics,കോമിക്സ്
supergirl,സൂപ്പർ ഗേൾ
laura,ലോറ
xmen,x പുരുഷന്മാർ
wanda,വണ്ട
avengers,പ്രതികാരം ചെയ്യുന്നവർ
kiara,കിയാര
ancient,പുരാതന
female hero,സ്ത്രീ നായകൻ
freedom fighter,സ്വാതന്ത്ര്യ സമര സേനാനി
freedom hero,സ്വാതന്ത്ര്യ നായകൻ
bluepant pinkshoes,നീല പാന്റ് പിങ്ക് ഷൂസ്
bharat mahaan,ഇന്ത്യ മികച്ചതാണ്
india is great,ഇന്ത്യ മികച്ചതാണ്
Darksheid,ഡാർക്ക്ഷെയ്ഡ്
Darkseid,ഡാർക്ക് സീഡ്
super man,വലിയ മനുഷ്യൻ
green lantern,പച്ച വിളക്ക്
Cyborg,സൈബർഗ്
aquaman,അക്വാമാൻ
salam,ആശംസകൾ
islami,ഇസ്ലാമിക്
muslim,മുസ്ലിം
islamic,ഇസ്ലാമിക്
seding,സാറ്റിൻ
astagfirullah,astagfirullah
inalillahi,ഇനലില്ലഹി
islam,ഇസ്ലാം
subhanallah,സുഭനല്ല
masyaallah,masyaallah
alhamdulillah,അൽഹമദുലില്ല
taaruf,taaruf
yarhamukallah,യർ‌ഹാമുകല്ല
wallahualam,walllahualam
jazakallah,ജസകല്ല
tabayyun,പിരിമുറുക്കം
DEVOTIONAL,വികാസം
dhinchak,ദിന്ചകെ
girly,girly
hip,ഹിപ്
GODESS,ദൈവം
LAKSHMI,ലക്ഷ്മി
SHIVA,ശിവ
puasa,ഉപവാസം
ramadhan,റമദാൻ
sahur,സഹുര്
tarawih,താരാവി
buka,അത് തുറക്കുക
berbuka,നോമ്പ് ലംഘിക്കുക
assalamualaikum,assalamualaikum
waalaikum,നിങ്ങൾക്ക് ഒരേ
jazakalla,നന്ദി
tabayun,തബയുന്
cow boy,പശു കുട്ടി
hippie,ഹിപ്പി
tattoo,പച്ചകുത്തൽ
electric guitar,ഇലക്ട്രിക് ഗിത്താർ
platform,പ്ലാറ്റ്ഫോം
hot pants,ചൂടുള്ള പാന്റുകൾ
cave,ഗുഹ
gramophone,ഗ്രാമഫോൺ
motorcycle,മോട്ടോർ സൈക്കിൾ
chakkhna,അഭിരുചികൾ
kholte,തുറക്കുക
kanchha,കാഞ്ച
setting,ക്രമീകരണം
karade,കാരണം
environment,പരിസ്ഥിതി
world environment day,ലോക പരിസ്ഥിതി ദിനം
yummyy,രുചികരമായ
brandi,ബ്രാണ്ടി
wishky,വിസ്കി
aeroplane,വിമാനം
flight,ഫ്ലൈറ്റ്
classy,ക്ലാസ്സി
signal,സിഗ്നൽ
connection,കണക്ഷൻ
strict,കണിശമായ
rude,അപമര്യാദയായ
chit  chat,ചിറ്റ് പൂച്ച
grapewine,മുന്തിരി
ciggarate,സിഗരറ്റ്
permanent,സ്ഥിരമായ
black money,കള്ളപ്പണം
wrench,റെഞ്ച്
wonder women,സ്ത്രീകളെ അത്ഭുതപ്പെടുത്തുക
no tension,പിരിമുറുക്കമില്ല
stress,സമ്മർദ്ദം
rishwat,കൈക്കൂലി
chains,ചങ്ങലകൾ
raula,റ ula ള
dishkau,ദിശ്കൌ
texting,ടെക്സ്റ്റിംഗ്
sucks,നുകരുന്നു
chatting,ചാറ്റിംഗ്
install,ഇൻസ്റ്റാൾ ചെയ്യുക
reality sucks,റിയാലിറ്റി വലിക്കുന്നു
life sucks,ജീവിതം നുകരുന്നു
sin,ഇല്ലാതെ
chaud,ചൂട്
beer wishky,ബിയർ വിസ്കി
boquet,പൂച്ചെണ്ട്
all the best,എല്ലാ ആശംസകളും
boque,ബോക്ക്
tkysm,ത്ക്യ്സ്മ്
tnx,tnx
musical notes,സംഗീത കുറിപ്പുകൾ
limelight,ലൈംലൈറ്റ്
love for song,പാട്ടിനോടുള്ള സ്നേഹം
ocean,സമുദ്രം
enjoyment,ആസ്വാദനം
music is my life,സംഗീതമാണ് എന്റെ ജിവിതം
ha ha ha,ha ha ha
thorns,മുള്ളുകൾ
because,കാരണം
ciggarete,സിഗരറ്റ്
20,20
nailpaint,നെയിൽ പെയിന്റ്
torn,കീറി
give me,തരു
torn clothes,കീറിപ്പറിഞ്ഞ വസ്ത്രങ്ങൾ
appereciate,അഭിനന്ദിക്കുക
zombies,സോമ്പികൾ
leg,കാല്
daredevils,ഡെയർ‌ഡെവിൾസ്
rosses,റോസാപ്പൂക്കൾ
Arvind,അരവിന്ദ്
kejriwal,കെജ്‌രിവാൾ
CM,സെമി
Bacha,ബച്ച
IIT,ഐ.ഐ.ടി.
babysitter,ബേബി സിറ്റർ
uthaye,എടുക്കുക
chetan,ചേതൻ
bhagat,ഭഗത്
leaf,ഇല
novels,നോവലുകൾ
author,രചയിതാവ്
Alumni,പൂർവ്വ വിദ്യാർത്ഥികൾ
maggu,മാഗോട്ട്
carry,ചുമക്കുക
minati,താൽപ്പര്യമുണ്ട്
harpic,ഹാർപിക്
cheap,വിലകുറഞ്ഞ
hathoda,ചുറ്റിക
pebble,പെബിൾ
seed,വിത്ത്
saalo,സഹോദരി
ciggrate,സിഗരട്ട്
fookta,fookta
dosti yaari,ദോസ്തി യാരി
abusive,ദുരുപയോഗം ചെയ്യുന്ന
agree,സമ്മതിക്കുന്നു
RABTA,ലിങ്ക്
RAABTA,റബ്ത
sparrow,കുരുവി
minions,ന്യൂനപക്ഷങ്ങൾ
spidergirl,ചിലന്തി പെൺകുട്ടി
web,വെബ്
spider,ചിലന്തി
gardians,ഗര്ദിഅംസ്
galazy,ഗാലസി
gamara,ഗാമര
galaxy,ഗാലക്സി
nebula,നെബുല
despecableme,എന്നെ കീറിക്കളയുക
Tubelight,ട്യൂബ്‌ലൈറ്റ്
Despecable,നിന്ദ്യമാണ്
gru,കൊക്ക്
amrish,amrish
haveli,ഹവേലി
thug,തഗ്
i need,എനിക്ക് വേണം
national bird,ദേശീയ പക്ഷി
i can,എനിക്ക് കഴിയും
pammi,പമ്മി
i love,ഞാൻ സ്നേഹിക്കുന്നു
gormint,ഗോർമിന്റ്
reporter,ലേഖകന്
chain,ചങ്ങല
SUPERSINGH,സുപെര്സിന്ഘ്
DALJIT,ഡാൽജീത്
actors,അഭിനേതാക്കൾ
actress,നടി
heroine,നായിക
manners,പെരുമാറ്റം
tameez,തമീസ്
helpless,നിസ്സഹായൻ
kiddo,കിഡോ
ye hai,കൂടാതെ
insist,നിർബന്ധിക്കുക
awsome,ഭയങ്കര
yeahh,അതെ
gonna,പോകുന്നു
wwe,wwe
comes,വരുന്നു
DILJIT,ദിൽ‌ജിത്
baar,ബാർ
balla,ബെയ്ൽ
is baar,കഴിവുള്ളതാണ്
yayy,അതെ
cjhair,സംബന്ധിച്ച്
aai,ഞാൻ വന്നു
aam,വർഷം
ba,ഇടുക
karoge,ചെയ്യും
hmara,കഴുത
ku,എവിടെ
aao kabhi,എന്നേക്കും വരൂ
tea cup,ടീ കപ്പ്
kabhi,എന്നേക്കും
aaj blue hai pani,ഇന്ന് നീലവെള്ളമാണ്
mudik,വീട്ടിൽ പോകുന്നു
lebaran,ഈദ്
ied,അതായത്
rindu,മിസ്
kangen,നിങ്ങളെ മിസ് ചെയ്യുന്നു
pantura,പന്തുര
ngantuk,ഉറക്കം
playful,കളിയായ
packing,പാക്കിംഗ്
nariyalpani,നരേൽബെൻ
coconutwater,തേങ്ങാവെള്ളം
ghoomne,കറങ്ങാൻ
travelbags,ട്രാവൽബാഗുകൾ
eiffeltower,eiffeltower
satisfied,സംതൃപ്തനായി
ghoomna,കറങ്ങാൻ
worldtrip,ലോക ട്രിപ്പ്
nostress,നോസ്ട്രസ്
travelbag,യാത്രസഞ്ചി
idul,ഈദ്
fitri,ഫിത്രി
idulfitri,idulfitri
bestdadintheworld,bestdadintheworld
happyfathersday,പിതൃദിനാശംസകൾ
bestdad,ബെസ്റ്റ്ഡാഡ്
appa,പപ്പ ഞങ്ങൾക്ക്
20-20,20-20
happy fathers day,പിതൃദിനാശംസകൾ
Ghareloo,വീട്ടുകാർ
Quirky,തമാശ
Hometalk,ഹോംടോക്ക്
GharelooBaatein,വീട്ടുകാർ
announcement,അറിയിപ്പ്
GettingLate,വൈകുന്നു
buttering,വെണ്ണ
eatoutside,eatoutside
willcomelate,willcomelate
nofood,നോഫുഡ്
indianwife,ഇന്ത്യൻ ഭാര്യ
salwarsuite,സാൽ‌വർ‌സ്യൂട്ട്
fathers day,പിതൃ ദിനം
happy father's day,അച്ഛന്റെ ദിനാശംസകൾ
abba,അബ്ബ
thakna,ക്ഷീണിതനായിരിക്കുക
thakan,തങ്ക്
rajiv,രാജീവ്
chowk,ച ow ക്ക്
kiya,ചെയ്തു
bahana,ബഹാന
safar,യാത്ര
chalau,വരൂ
violet,വയലറ്റ്
bheed,ആൾക്കൂട്ടം
crowd,ആൾക്കൂട്ടം
raji,രാജി
janta,വിളുന്വ്
squeeze,ഞെക്കുക
ketupat,വജ്രം
kue,ഒരു കേക്ക്
helathy,ആരോഗ്യമുള്ള
ypga,ypga
yog,അതെ
ramdev,രാംദേവ്
pitanjali,പതഞ്ജലി
world music day,ലോക സംഗീത ദിനം
international yoga day,അന്താരാഷ്ട്ര യോഗ ദിനം
happy eid,ഹാപ്പി ഈദ്
Eid mubarak,ഈദ് മുബാറക്
eid-ul-fitr,ഡെൽ‌ഫ്രെ
mubaral,ശ്രദ്ധേയമാണ്
jai jagannath,ജയ് ജഗന്നാഥ്
jagan nath,ജഗൻ നാഥ്
rath yartra,രഥ യാത്ര
rath yatra,രഥ യാത്ര
shooter,ഷൂട്ടർ
scooted,സ്കൂട്ടർ
metal,ലോഹം
morning se,രാവിലെ സെ
gussha,ലിംഗം
jugad,ജുഗാദ്
being human,മനുഷ്യനായിരിക്കുക
machau,മച്ചാവു
blankets,പുതപ്പുകൾ
takiya,തലയിണ
sirhana,സിർഹാന
kambal,ഇരട്ട
chadar,ഷീറ്റ്
chaddar,ഷീറ്റ്
palang,ബാർ
Bimaar,രോഗികൾ
rudraksh,രുദ്രാക്ഷൻ
natkhat,വികൃതി
kameez,കമീസ്
chaand,ചന്ദ്രൻ
aasmaan,ആകാശം
taare,വയർ
behosh,അബോധാവസ്ഥയിൽ
guldasta,പൂച്ചെണ്ട്
sweatshirt,വിയർപ്പ് ഷർട്ട്
kush,കുഷ്
Actions,പ്രവർത്തനങ്ങൾ
smoking pipe,പുകവലി പൈപ്പ്
chilam,ആയിരുന്നു
dhua,dua
ghamand,വീമ്പിളക്കുക
party poppers,പാർട്ടി പോപ്പർമാർ
mombatti,ഒരു മെഴുകുതിരി
bankrupt,പാപ്പരായി
jurab,നഗ്നത
baniyan,വെസ്റ്റ്
kachcha,അസംസ്കൃത
udaas,സങ്കടം
alas,അയ്യോ
gulab,റോസ്
chahat,വേണം
jalna shaitan,കത്തുന്ന പിശാച്
patloon,patloon
kapade,മുറിക്കുക
poshak,വസ്ത്രം
thakaan,ക്ഷീണം
bean bag,ബീൻ ബാഗ്
note book,നോട്ടുബുക്ക്
baithak,യോഗം
biscuits,ബിസ്കറ്റ്
biskut,ബിസ്കറ്റ്
baadal,ബാദൽ
aasaman,ആകാശം
microphone,മൈക്രോഫോൺ
bottal,വടി
khidaki,വിൻഡോ
gym freak,ജിം ഫ്രീക്ക്
happpy,സന്തോഷം
balwaan,ബാൽക്കണി
utsukh,ജിജ്ഞാസ:
shaitan,രാക്ഷസൻ
raub,കവർച്ച
cloud,മേഘം
bacchha,ആട്
bhalu,കരടി
khilona,കളിപ്പാട്ടം
pyara,മനോഹരമായ
kushi,പൂർണ്ണ ഉപയോഗം
prasang,സന്ദർഭം
jumpsuit,ജമ്പ്‌സ്യൂട്ട്
bachcha,കുഞ്ഞേ
asman,ആകാശം
asmanjas,ധർമ്മസങ്കടം
red t-shirt,ചുവന്ന ടി-ഷർട്ട്
laal kapde,ചുവന്ന വസ്ത്രങ്ങൾ
powerful guy,ശക്തൻ
jewels,ആഭരണങ്ങൾ
gehne,ആഭരണങ്ങൾ
balshali,ശക്തമാണ്
takatwar,വീരന്മാർ
atmavishwas,ആത്മവിശ്വാസ്
disco lights,ഡിസ്കോ ലൈറ്റുകൾ
paushak,പോഷകഗുണം
indian god,ഇന്ത്യൻ ദൈവം
water fall,വെള്ളച്ചാട്ടം
dedicated,സമർപ്പിത
shiv ling,ശിവലിംഗം
lingam,ലിംഗം
jharna,ഉറവ
pahad,മോശം
numb,മരവിപ്പ്
jutey,ജോഡികളായി
watercolour effect,വാട്ടർ കളർ ഇഫക്റ്റ്
dangree,ചൂടായിരിക്കുക
indian map,ഇന്ത്യൻ മാപ്പ്
waist coat,അരക്കെട്ട്
indian outfit,ഇന്ത്യൻ വേഷം
pumped up,മുകളിലേക്ക് പമ്പ് ചെയ്തു
bharat ka naksha,ഇന്ത്യയുടെ ഭൂപടം
desh prem,ദേശ് പ്രേം
topi,പന്ത്
mobile camera,മൊബൈൽ ക്യാമറ
mini skirt,കൊച്ചുപാവാട
circle,സർക്കിൾ
choti skirt,ഷോർട്ട് പാവാട
night suit,രാത്രി സ്യൂട്ട്
night sky,രാത്രി ആകാശം
tierd,ആഘോഷിച്ചു
raat k kapde,രാത്രി വസ്ത്രങ്ങൾ
raat ka asman,അസമമായ രാത്രി
akash,ആകാശ്
nind,nind
heals,സുഖപ്പെടുത്തുന്നു
sandals,ചെരുപ്പുകൾ
naraaz,ദേഷ്യം
baby suit,ബേബി സ്യൂട്ട്
bachhe k kapde,കുഞ്ഞു വസ്ത്രങ്ങൾ
baloons,ബലൂണുകൾ
colourful clothes,വർണ്ണാഭമായ വസ്ത്രങ്ങൾ
taufe,സ്നാനം
rangeen kapde,വർണ്ണാഭമായ വസ്ത്രങ്ങൾ
ajeeb,വിചിത്രമായത്
sawaliya,ചോദ്യം
hara adami,hara adami
nikkar,ഷോർട്ട്സ്
folded hands,മടക്കിയ കൈകൾ
disappointment,നിരാശ
naraz,ഒരിക്കൽ
nirash,നിരാശരായി
atamavishwas,atamavishwas
Celebrities,സെലിബ്രിറ്റികൾ
sidhu,സിദ്ധു
ghadi,വാച്ച്
tauliya,തൂവാല
hamock,mm ഞ്ഞാൽ
jhula,സ്വിംഗ്
udas,ബോറടിക്കുന്നു
makdiman,മക്ഡിമാൻ
naqab,നഖാബ്
soldiers,സൈനികർ
partiotic,ദേശഭക്തനായ
vardi,വർദി
walking stick,ഊന്നുവടി
deshprem,ദേശസ്നേഹം
children's book,കുട്ടികളുടെ പുസ്തകം
talwar,തൽവാർ
kapda,വസ്ത്രങ്ങൾ
surf board,സർഫ് ബോർഡ്
samundar,കടൽ
samudra,കടൽ
chaata,നിഴൽ
pishach,വാമ്പയർ
dara hua,dara hua
chintit,വിഷമിക്കുന്നു
muscular guy,പേശി പയ്യൻ
ethenic wear,ethenic വസ്ത്രം
frock,തവള
kursi,കസേര
thakavat,ക്ഷീണം
test tube,ടെസ്റ്റ് ട്യൂബ്
lab coat,ലാബ് കോട്ട്
experimenting,പരീക്ഷണം
cautious,ജാഗ്രത
jaagrit,ഉണരുക
baseball bat,ബേസ്ബോൾ ബാറ്റ്
Interests,താൽപ്പര്യങ്ങൾ
yellow pants,മഞ്ഞ പാന്റ്സ്
bricks,ഇഷ്ടികകൾ
brick wall,ഇഷ്ടിക മതിൽ
pili patloon,മഞ്ഞ പാന്റ്സ്
enten,ഒന്നുകിൽ
enton ki diwar,ഇഷ്ടിക മതിൽ
indian wear,ഇന്ത്യൻ വസ്ത്രം
patake,സ്ലാം
phatake,phatake
aatishbazi,വെടിക്കെട്ട്
bumb,ബംബ്
patakhe,വെടിക്കെട്ട്
ullas,സന്തോഷം
mazze,ദണ്ഡുകളുമുണ്ടായിരിക്കും
kamyabi,വിജയിക്കുക
maze,സങ്കീർണ്ണമായ
garland,മാല
hoodie,തലമറ
cosplay,കോസ്‌പ്ലേ
thand ke kapde,തണുത്ത വസ്ത്രങ്ങൾ
daravna,ഭയപ്പെടുത്തുന്നു
pervert,വക്രത
kursi, heels,തീർച്ചയായും, കുതികാൽ
doorbeen,തുട
taare, badal,വയർ, മോശം
wristband,റിസ്റ്റ്ബാൻഡ്
chidna,ലിഡ്ന
stiches,തുന്നലുകൾ
taanke,ഹ്രസ്വമായി
bhooka,ഭൂക
trident,ത്രിശൂലം
seengh,സിംഗ്
hassi,ഹസി
chamkadar,തിളങ്ങുന്ന
atma vishwaas,  fakrr,ആത്മവിശ്വാസം, ഫ്രാക്കർ
jewell,രത്നം
shivaling,shivaling
ghene,ghene
vishwaas,വിശ്വാസ്
bharosa,വിശ്വസിക്കുക
shoe,ഷൂ
shirt or kamij, pant,ഷർട്ട് അല്ലെങ്കിൽ കമിജ്, പാന്റ്
joota,ഷൂസ്
lachaar,നിസ്സഹായൻ
Scaf,സ്കാർഫ്
racquet,റാക്കറ്റ്
sofa' slippers,സോഫയുടെ ചെരിപ്പുകൾ
nikar,നിക്കാർ
joote,ചെരിപ്പുകൾ
police uniform,പോലീസ് യൂണിഫോം
aatmvishvas,ആത്മവിശ്വാസം
handpump,ഹാൻഡ്‌പമ്പ്
pathani salwaar,പത്താനി സൽവാർ
pump: jooti,പമ്പ്: ജൂട്ടി
teer,പക്ഷി
dhanush,ധനുഷ്
talvaar,വാൾ
kawach,പരിച
atma vishvaas,ആത്മവിശ്വാസം
atamvishvaas,ആത്മവിശ്വാസം
fakr,ഫകെര്
khamand,ഖാമന്ദ്
fakrr,ഫക്ര
frustrated,നിരാശനായി
dukhi,പെർഫ്യൂം
dumble,ഡംബിൾ
bhaar,ഭാരം
nikarr,നിക്കരാർ
prerna,പ്രചോദനം
hairan,അത്ഭുതം
fat body,തടിച്ച ശരീരം
ursi,ജന്മം നൽകുക
khat,സ്‌ട്രീക്ക്
revolver,റിവോൾവർ
lamp,വിളക്ക്
achambha,മാർവൽ
zoombie,സോംബി
hara,ഹര
dantna,ശകാരിക്കാൻ
puraskar,പ്രതിഫലം
garv,സൂര്യപ്രകാശമേറ്റ്
exicted,ആവേശത്തിലാണ്
baksa,ബാക്സ
manana,ഉണ്ട്
utsav,ഓണാഘോഷം
toy,കളിപ്പാട്ടം
sadist,സാഡിസ്റ്റ്
downhearted,നിരാശയോടെ
unhappy,അസന്തുഷ്ടി
dejected,നിരസിച്ചു
rejectful,നിരസിക്കുന്നു
kutta,കുട്ട
patta,ദി
mayus,മയൂസ്
gum,ഗം
mayusi,നിരാശ
bachon k kapde,കുട്ടികളുടെ വസ്ത്രങ്ങൾ
safed kameez,വെളുത്ത ഷർട്ട്
bandit,കൊള്ളക്കാരൻ
poshakh,പോഷാഖ്
thakawat,ക്ഷീണം
design,രൂപകൽപ്പന
mohobbat,mohabbat
disco ball,ഡിസ്കോ ബോൾ
rangeen roshni,വർണ്ണാഭമായ വെളിച്ചം
amir khan,അമീർ ഖാൻ
sheild,പരിച
dhaal,ധാൽ
mitti,അരക്കെട്ട്
lipstick marks,ലിപ്സ്റ്റിക്ക് അടയാളങ്ങൾ
video game,വീഡിയോ ഗെയിം
tablet,ടാബ്‌ലെറ്റ്
iPad,ഐപാഡ്
icha,ഇച്ച
utsook,ആകാംക്ഷയുള്ള
captain america,ക്യാപ്റ്റൻ അമേരിക്ക
witch hat,മന്ത്രവാദി തൊപ്പി
kya hai be,എന്താണ് ബേ
main to hero hu,മെയിൻ ടു ഹീറോ ഹു
superhero bol,സൂപ്പർഹീറോ ബോൾ
dekh meri aukat,എന്റെ സ്ഥാനം കാണുക
bas ready hogaya,തയ്യാറാണ്
shoes pehan raha hoo,ഷൂസ് ധരിക്കുന്നു
jhadu,ചൂല്
ant man dress,ഉറുമ്പ് മനുഷ്യൻ വസ്ത്രധാരണം
Gaming,ഗെയിമിംഗ്
ghoda,കുതിര
parda,സ്‌ക്രീൻ
juta,ദശലക്ഷം
footwear,പാദരക്ഷകൾ
paaduka,paaduka
backpack: sneakers,ബാക്ക്പാക്ക്: സ്‌നീക്കറുകൾ
basta,മതി
talvar,വാൾ
yaachna,യച്ന
feather,തൂവൽ
honth,ചുണ്ടുകൾ
chumban,ചുംബനങ്ങൾ
chitthi,കത്ത്
chummi,ചുംബനം
bhawnayen,വികാരങ്ങൾ
bracelet,വള
gown,ഗൗൺ
rasoiya,പാചകക്കാരൻ
bawarchi,bawarchi
vadyyantra,സംഗീതോപകരണങ്ങൾ
hammok,നിങ്ങളുടെ ആശങ്ക
capri,കാപ്രി
moze,അവന് കഴിയും
aanand,ആനന്ദ്
bahadur,ബഹാദൂർ
coat: sofa,കോട്ട്: സോഫ
katta,വലുത്
pistaul,പിസ്റ്റൾ
akad,അവിടെ
ahankar,അഹം
jhaadu,ചൂല്
kudedaan,ഡസ്റ്റ്ബിൻ
jhola,ബാഗ്
sadak,റോഡ്
tohfaa,വിതരണം ചെയ്യുക
tohfa,സമ്മാനം
phul,പൂക്കൾ
shooes,ഷൂസ്
laddo,ലഡ്ഡൂ
shirt, short kurta,ഷർട്ട്, ഷോർട്ട് കുർത്ത
suit, kurta,സ്യൂട്ട്, കുർത്ത
night suit, sun,രാത്രി സ്യൂട്ട്, സൂര്യൻ
night suit, suraj, sooraj,രാത്രി സ്യൂട്ടുകൾ, സൂര്യൻ, സൂര്യൻ
beer, bottle, vest, boxers,ബിയർ, ബോട്ടിൽ, വെസ്റ്റ്, ബോക്സർമാർ
kachcha, botal,,അസംസ്കൃത, കുപ്പി,
beer, bottle, alcohol,ബിയർ, കുപ്പി, മദ്യം
botal, sharaab,ബോട്ടൽ, ജ്യൂസ്
costume, boots,വസ്ത്രധാരണം, ബൂട്ട്
proud, confident,അഭിമാനം, ആത്മവിശ്വാസം
garvit,അഭിമാനിക്കുന്നു
aatmvishwas,ആത്മവിശ്വാസം
vest, sneakers, jeans,വെസ്റ്റ്, സ്‌നീക്കറുകൾ, ജീൻസ്
disagree,വിയോജിക്കുന്നു
shameez,ഷമീസ്
asahmat,വിയോജിക്കുന്നു
sneakers, shoes, skirt, top, t shirt, jeans,സ്‌നീക്കറുകൾ, ഷൂസ്, പാവാട, ടോപ്പ്, ടി ഷർട്ട്, ജീൻസ്
mazakiya,തമാശ
kamiz,ഷർട്ട്
doctor tape,ഡോക്ടർ ടേപ്പ്
bandage,തലപ്പാവു
sarcastc,പരിഹാസ്യമായ
katu,തറ
vayangpurn,ആക്ഷേപഹാസ്യം
joote kamiz,ഷൂസ് ഷർട്ട്
prem yukt,പ്രേം യുക്ത്
gaay,നിലത്ത്
kameez, pant, joote,ഷർട്ട്, പാന്റ്, ഷൂസ്
baby diaper,ബേബി ഡയപ്പർ
nappy,നപ്പി
tea glass,ടീ ഗ്ലാസ്
shovel,കോരിക
fawda,കോരിക
Indian womens suit,ഇന്ത്യൻ വനിതാ സ്യൂട്ട്
salwar suit,സൽവാർ സ്യൂട്ട്
darna,അവനിൽ നിന്ന്
uttejit,ആവേശഭരിതനായി
mugs,മഗ്ഗുകൾ
kup,വാങ്ങുക
roomantic,രൊഒമംതിച്
joote, joota, jootey,ഷൂസ്, ഷൂ, ഷൂസ്
cheeky,ചീക്കി
tolia,ടോലിയ
potatoes,ഉരുളക്കിഴങ്ങ്
onions,ഉള്ളി
musical instrument,സംഗീതോപകരണം
claws,നഖങ്ങൾ
skeletion,അസ്ഥികൂടം
nakhooh,നഖൂ
panje,കൂട്
kankal,കണ്ണുകൾ
weighing machine,തൂക്കമുള്ള യന്ത്രം
tarazu,പോരാ
khana, daaru,ഖാന, ദാരു
Aur bata yaar,കൂടുതൽ സുഹൃത്തിനോട് പറയുക
kya chal raha hai,വാട്ട്സ് അപ്പ്
boss kaun hai,ആരാണ് ബോസ്
aur sunao,എന്നോട് കൂടുതൽ പറയുക
kya hal hai,എന്താണ് പരിഹാരം
tera maa ka bosada,തേര അനങ്ങുന്നില്ല
chup kar,ഷട്ട് അപ്പ്
chutiye,പിഞ്ച് ചെയ്യുക
playsuit,പ്ലേസ്യൂട്ട്
sitara,നക്ഷത്രം
dissaproval,നിരസിക്കൽ
vision,കാഴ്ച
fictional superhero,സാങ്കൽപ്പിക സൂപ്പർഹീറോ
poshaak,വസ്ത്രധാരണം
champagne glass,ഷാംപെയ്ൻ ഗ്ലാസ്
wine glass,വീഞ്ഞു ഗ്ലാസ്
sharaabh,സോക്സ്
arrows,അമ്പുകൾ
gada,ന്റെ
bhalla,ഭല്ല
aatmvshwas,ആത്മവിശ്വാസം
bouquete,പൂച്ചെണ്ട്
baby clothes,കുഞ്ഞ് വസ്ത്രങ്ങൾ
chariot,രഥം
rath,രത്ത്
Indian ethnic suit,ഇന്ത്യൻ വംശീയ സ്യൂട്ട്
salwar kameez,സൽവാർ കമീസ്
office desk,ഓഫീസ് ഡെസ്ക്
office table,ഓഫീസ് ടേബിൾ
notebook,നോട്ടുബുക്ക്
cigarrette,സിഗരറ്റ്
kalam,വാക്കുകൾ
Furtila,ഫുര്തില
bangage,bangage
bandaid,ബാൻഡ് എയ്ഡ്
stethoscope,സ്റ്റെതസ്കോപ്പ്
doctor's coat,ഡോക്ടറുടെ കോട്ട്
chaaku,കത്തി
khanjar,ഡാഗർ
soft toy,മൃദുവായ കളിപ്പാട്ടം
Sad, happy,സങ്കടം, സന്തോഷം
bhaalu,കരടി
khush, dukhi, naraz,സന്തോഷം, സങ്കടം, ദേഷ്യം
diary,ഡയറി
daftar,പട്ടിക
happy, proud,സന്തോഷം, അഭിമാനം
jutti,അനുഭവപ്പെട്ടു
flip flops,ഫ്ലിപ്പ് ഫ്ലോപ്പുകൾ
boxers,ബോക്സർമാർ
baniyaan,വെസ്റ്റ്
shooting gun,വെടിവയ്പ്പ്
loafers,ലോഫറുകൾ
suit loafer,സ്യൂട്ട് ലോഫർ
sinhasan,സിംഹാസനം
bodybuilder,ബോഡി ബിൽഡർ
flipflop,ഫ്ലിപ്പ് ഫ്ലോപ്പ്
ethnic Indian suit,വംശീയ ഇന്ത്യൻ സ്യൂട്ട്
salwar,സൽവാർ
kamweez,ഒരിക്കലും
rally,റാലി
dharna,പിക്കറ്റ്
swami ji,ഭർത്താവ്
costumer,കോസ്റ്റ്യൂമർ
chola,മുന്നോട്ട്
buildings,കെട്ടിടങ്ങൾ
imaarat,സ്നേഹം
alarm clock,അലാറം ക്ലോക്ക്
Indian flag,ഇന്ത്യൻ പതാക
tricolour,ത്രിവർണ്ണ
ashoka chakra,അശോക ചക്രം
anghutha,തള്ളവിരൽ
screwdriver,സ്ക്രൂഡ്രൈവർ
rain coat,മൊബൈൽ കോട്ട്
pechkus,pechkus
darwawana,ദര്വവന
gandhi photo,ഗാന്ധി ഫോട്ടോ
kitaabe,പുസ്തകങ്ങൾ
lakdi,മരം
business suit,ബിസിനസ് സ്യൂട്ട്
burf,മഞ്ഞ്
swim suit,നീന്തൽ സ്യൂട്ട്
swimming costume,നീന്തൽ വസ്ത്രം
jhata,പോകുക
feeding bottle,തീറ്റ കുപ്പി
doodh ki bottle,എന്തൊരു കുപ്പി പാൽ
brief,ചുരുക്കത്തിലുള്ള
square,സമചതുരം Samachathuram
nila,അവ
boond,ബ്ലോബ്
paseena,വിയർപ്പ്
chaunkna,ഞെട്ടിപ്പോകും
water splash,വാട്ടർ സ്പ്ലാഷ്
rangeen pani,നിറമുള്ള വെള്ളം
men's suit,പുരുഷന്മാരുടെ സ്യൂട്ട്
tayar,ടയറുകൾ
gymfreak,ജിംഫ്രീക്ക്
muscular guy, nice body,പേശി പയ്യൻ, നല്ല ശരീരം
naaz,ഇല്ല
indian dress,ഇന്ത്യൻ വസ്ത്രധാരണം
mansion,മാൻഷൻ
gold, bangles,സ്വർണ്ണം, വളകൾ
balak,കവിത
mahal,ചെലവേറിയത്
chudiyan,വളകൾ
jashn,ഓണാഘോഷം
coconut tree,തെങ്ങ്
nariyal ka ped,തെങ്ങ് മരം
hand fan,കൈ പങ്ക
chinese fan,ചൈനീസ് ഫാൻ
pankha,ഫാൻ
chinese pankha,ചൈനീസ് ഉത്തരം
indian clothes,ഇന്ത്യൻ വസ്ത്രങ്ങൾ
overwhelm,കവിഞ്ഞൊഴുകുക
rashtra prem,രാഷ്ട്രത്തെ സ്നേഹിക്കുക
ahimsa,അഹിംസ
dibba,ഡിബ്ബ
kala or safed,കറുപ്പും വെളുപ്പും
ashcharya,ആശ്ചര്യം
disgusted,വെറുപ്പ്
jhadiyan,കുറ്റിക്കാടുകൾ
i-shirt,ഐ-ഷർട്ട്
jute,ചണം
hot girls,ചൂടുള്ള പെൺകുട്ടികൾ
cheapness,വിലകുറഞ്ഞത്
sundar ladkiyan,സുന്ദരികളായ പെൺകുട്ടികൾ
havas,ഉണ്ട്
teachings,പഠിപ്പിക്കലുകൾ
pravachan,പ്രസംഗിക്കുന്നു
seekh,പഠനം
glitters,തിളക്കം
chamkile kapde,തിളക്കമുള്ള വസ്ത്രങ്ങൾ
kushiyan manana,കുഷ്യന് ഉണ്ട്
beer mug,ബിയർ മഗ്
hard drink,ഹാർഡ് ഡ്രിങ്ക്
sharabi,മദ്യം
sharab ka glass,ഗ്ലാസ് വൈൻ
khushiyan manana,ആഘോഷിക്കുന്നു
hot chocolate,ചൂട് ചോക്കളേറ്റ്
woolen cap,കമ്പിളി തൊപ്പി
cozy,സുഖപ്രദമായ
khundak,ഉണങ്ങിയ പൊറോട്ട
india ka jhanda,ഇന്ത്യയുടെ പതാക
ashok chakra,അശോക ചക്രം
appreciating,അഭിനന്ദിക്കുന്നു
tarif karna,കാരണം
hare kapde,പച്ച വസ്ത്രങ്ങൾ
fence,വേലി
wooden partition,മരം വിഭജനം
roadside,റോഡരികിൽ
footpath,ഫുട്പാത്ത്
ghaas,പുല്ല്
ped,പെഡ്
paudhe,സസ്യങ്ങൾ
freaked out,പുള്ളിക്കാരൻ
arogant,അഹങ്കാരം
ghadhi,ഫീഡ്
akadh,കുറച്ച്
rays,കിരണങ്ങൾ
iron suit,ഇരുമ്പ് സ്യൂട്ട്
body suit,ബോഡി സ്യൂട്ട്
lohe ka suit,സ്യൂട്ട് കേട്ടു
lohe ka aadme,അയൺ മാൻ
roshni,പ്രകാശം
tarang,തിരമാല
kiran,കിരൺ
happy tears,സന്തോഷകരമായ കണ്ണുനീർ
khushi k aansu,സന്തോഷത്തിന്റെ കണ്ണുനീർ
khushiyan,ഖുഷിയാൻ
paper plane,കടലാസ് വിമാനം
red chair,ചുവന്ന കസേര
kagaz ka plane,പേപ്പർ തലം
laal kursi,സീറ്റ് ബെൽറ്റുകൾ
chaped,അധ്യാ
lal kapdey,ചുവന്ന വസ്ത്രങ്ങൾ
lal,ലാൽ
surya,സൂര്യ
cauldron,കോൾഡ്രോൺ
dayan,ദയാൻ
jhadhu,ചൂല്
hari chudail,പച്ച മന്ത്രവാദി
bracelete,ബ്രേസ്ലെറ്റ്
nice body,നല്ല ശരീരം
joe,ജോ
batakh,താറാവ്
murgi ka bachha,ചിക്കൻ കുഞ്ഞ്
chuza,ചുസ
overwhelmed,ക്ഷീണിച്ചു
aasman,ആകാശം
unhealthy food,അനാരോഗ്യകരമായ ഭക്ഷണം
fried food,വറുത്ത ഭക്ഷണം
fast food,ഫാസ്റ്റ് ഫുഡ്
dedication,സമർപ്പണം
gajar,കാരറ്റ്
tala hua khana,വറുത്ത ഭക്ഷണം
chaddhi,ചദ്ദി
neon clothes,നിയോൺ വസ്ത്രങ്ങൾ
threatening,ഭീഷണിപ്പെടുത്തുന്നു
churi,മോഷണം
mawali,വിശ്വസ്തൻ
rumaal,മാതളനാരകം
darana,ഭയപ്പെടാൻ
plow,ഉഴുക
cultivator,കൃഷിക്കാരൻ
army uniform,സൈനിക യൂണിഫോം
machine gun,യന്ത്രത്തോക്ക്
AK47,ബൈക്ക് 47
hal,പി
hal jotna,ജോത്ന കാര്യം
khudai,കുഴിക്കുന്നു
sainik,പട്ടാളക്കാരൻ
shahrukh khan,ഷാറൂഖ് ഖാൻ
sangeet,സംഗീതം
hyper,ഹൈപ്പർ
chul,മുടി
off shoulder,ഓഫ് തോളിൽ
dull,മങ്ങിയ
gold chain,സ്വർണം ചെയിൻ
nana padekar,നാന പഡ്കർ
sone ki chain,സ്വർണ്ണ ശൃംഖല
gold chains,സ്വർണ്ണ ശൃംഖലകൾ
bangles,വളകൾ
curtains,തിരശ്ശീലകൾ
khudki,സ്വന്തമാണ്
parde,തിരശ്ശീല
chidiya,പക്ഷി
rings,വളയങ്ങൾ
gilas,ചാരുത
saari,ദ്വീപ്
sone ki mala,സ്വർണ്ണ മാല
sone ke zewar,സ്വർണ്ണാഭരണങ്ങൾ
bharat ka jhanda,ഇന്ത്യയുടെ പതാക
sofa set,സോഫ സെറ്റ്
weed roll,കള റോൾ
ganja roll,ഗഞ്ച റോൾ
ravaiya,മനോഭാവം
sling bag,സ്ലിംഗ് ബാഗ്
goggles,goggles
rakshas,രാക്ഷസൻ
narak ki aag,നരകാഗ്നി
taraju,സ്കെയിലുകൾ
katori,കറ്റോറി
hand gesture,കൈ ആംഗ്യം
rcok,ര്ചൊക്
chattan,പാറ
kammez,പിറവി,
paushakh,വസ്ത്രധാരണം
jeep,ജീപ്പ്
kachha,സമീപം
beech,ബീച്ച്
box, sunglasses,ബോക്സ്, സൺഗ്ലാസുകൾ
axe,കോടാലി
kulhadi,കോടാലി
phulle,ആദ്യം
gamchca,സ്വാഗ്
kurta pajama,കുർത്ത പൈജാമ
Bolloons,ബലൂണുകൾ
fur,രോമങ്ങൾ
bhediya,ചെന്നായ
janvar,മൃഗം
premi,അവാർഡ്
painting,പെയിന്റിംഗ്
bistar,കിടക്ക
uljhan,ആശയക്കുഴപ്പം
ghaans,പഞ്ച്
angoothi,മോതിരം
irritaed,പ്രകോപിതനായി
dhuaan,പുക
dhund,കണ്ടെത്തുക
wrist watch,റിസ്റ്റ് വാച്ച്
istri,ഭാര്യ
gaind,പന്ത്
utsuck,utsuck
akhbaar,പത്രം
leaves,ഇലകൾ
patte,പാവ്
chadi,വടി
kaccha,അസംസ്കൃത
dastane,കയ്യുറകൾ
kagaz,പേപ്പർ
chamkadad,തിളങ്ങുക
ghans,പഞ്ച്
thisrt,ടി ഷർട്ട്
tank top,ടാങ്ക് ടോപ്പ്
firt,firt
spring,സ്പ്രിംഗ്
blast,സ്ഫോടനം
bath robe,ബാത്ത് അങ്കി
side bag,സൈഡ് ബാഗ്
pants shoes,പാന്റ്സ് ഷൂസ്
montains,പർവതങ്ങൾ
phad,പർവ്വതം
sikh symbol,സിഖ് ചിഹ്നം
stumps,സ്റ്റമ്പുകൾ
champange,ഷാംപെയിൻ
neutral,നിഷ്പക്ഷത
kada,എപ്പോൾ
parehsan,പരേഹ്സാൻ
thshirt,ടി ഷർട്ട്
mirrior,മിറർ
brief case,ഹ്രസ്വ കേസ്
coat pants,കോട്ട് പാന്റ്സ്
jooti,ജോഡി
weapon,ആയുധം
leather,തുകൽ
hathiyar,ആയുധം
chamda,തുകൽ
chooriyan,വളകൾ
monument,സ്മാരകം
quila,ക്വില
handkerchief,തൂവാല
roomal,തൂവാല
macchar,മഞ്ച്
frame,ഫ്രെയിം
mona lisa,മോണലിസ
tyohar,ഉത്സവം
chutti ke din,ഒരു ദിവസം അവധി
khusi,ഖുസി
weekend plan,വാരാന്ത്യ പദ്ധതി
barf ka tukada,ബാർഫ് കാ തുക്കാഡ
knight,നൈറ്റ്
rod,വടി
cross belt,ക്രോസ് ബെൽറ്റ്
furious,ക്രോധം
chamre ki belt,ലെതർ ബെൽറ്റ്
zanjeer,ചെയിൻ
cheroot,ചെറൂട്ട്
sigar,ചുരുട്ട്
t-shirts,ടി-ഷർട്ടുകൾ
commode,സൗകര്യപ്രദമാണ്
jeans pant,ജീൻസ് പാന്റ്
prithvi,പൃഥ്വി
heel,കുതികാൽ
juti,നിർദ്ദിഷ്ടം
ruins,അവശിഷ്ടങ്ങൾ
kaman,വയലിൻ
pracheen kapde,പുരാതന വസ്ത്രങ്ങൾ
khandhar,അവശിഷ്ടങ്ങൾ
yaade,ഓർമ്മിക്കുക
prachin,പുരാതന
party mood,പാർട്ടി മാനസികാവസ്ഥ
uthsahit,ആവേശഭരിതനായി
sareee,ഉയർന്നത്
flower pot,പുഷ്പ കലം
gamla,പഴയ
churiyan,കത്തികൾ
intzaar,intzaar
aascharya,വിസ്മയം
Burka,ഒരു കുഴപ്പം
stern,കർശനമായ
confident,ആത്മവിശ്വാസത്തോടെ
Remove sentiment,വികാരം നീക്കംചെയ്യുക
atmavishvas,ആത്മവിശ്വസ്
jar,ഭരണി
glass jar,ഗ്ലാസ് പാത്രം
bartan,പാത്രം
sishe ki jar,ഗ്ലാസ് പാത്രം
panties,പാന്റീസ്
tour,ടൂർ
chatai,പായ
igloo,igloo
barph,മഞ്ഞ്
baap re,അച്ഛൻ
kave ki tarah pyasa,കവിയെപ്പോലെ ദാഹിക്കുന്നു
majboor,നിർബന്ധിച്ചു
wrestling belt,ഗുസ്തി ബെൽറ്റ്
kushti ka belt,വീടുകൾ കാ ബെൽറ്റ്
Bhartiya dress,ഇന്ത്യൻ വസ്ത്രധാരണം
gogles,goggles
chasma,കണ്ണട
anguthi,മോതിരം
hathi,നായ
vests,ഷർട്ടുകൾ
fresh water,ശുദ്ധജലം
water tyre,വാട്ടർ ടയർ
machli,മത്സ്യം
sikhna,പഠനം
rudrach,വിചിത്രമായി
teaching,അദ്ധ്യാപനം
gerua vastra,ഒച്ചർ വസ്ത്രങ്ങൾ
rudrakcha,രുദ്രാച്ച
eans,eans
frutrated,നിരാശനായി
ullass,സന്തോഷം
red jeans,ചുവന്ന ജീൻസ്
lal jeans,ലാൽ ജീൻസ്
hand bag,കൈ ബാഗ്
Add Tshirt,ഷർട്ട് ചേർക്കുക
ichuk,തയ്യാറാണ്
boot,ബൂട്ട്
irritrated,പ്രകോപിതനായി
inner wear,ആന്തരിക വസ്ത്രം
ashanti,അശാന്തി
half jacket,പകുതി ജാക്കറ്റ്
night dress,രാത്രി വസ്ത്രധാരണം
brasslet,ബ്രേസ്ലെറ്റ്
shrug,ചുരുക്കുക
toffy,ടോഫി
lamanchoos,ലമഞ്ചൂസ്
cricket dress,ക്രിക്കറ്റ് വസ്ത്രധാരണം
hand band,ഹാൻഡ് ബാൻഡ്
muflar,മുഫിന് ന്റെ
table alarm clock,ടേബിൾ അലാറം ക്ലോക്ക്
rajai,രാജായി
alarm ghari,അലാറം ക്ലോക്ക്
chammach,സ്പൂൺ
under pant,പണയത്തിന് കീഴിൽ
kachaa,ക്രൂഡ്
under garment,വസ്ത്രത്തിന് കീഴിൽ
yoga dress,യോഗ വസ്ത്രധാരണം
Dynamite,ഡൈനാമൈറ്റ്
gym dress,ജിം വസ്ത്രധാരണം
duppata,ദുപ്പട്ട
robot suit,റോബോട്ട് സ്യൂട്ട്
roshini,രോഷിനി
wiskey glass,വിസ്കി ഗ്ലാസ്
Add ice,ഐസ് ചേർക്കുക
wiskey ka glass,വിസ്കി കാ ഗ്ലാസ്
kadhai,കഥ
cultural dress,സാംസ്കാരിക വസ്ത്രധാരണം
treditional saree,പരമ്പരാഗത സാരി
lehnaga,ഒരു പശുവിനൊപ്പം
Capery,കാപ്പറി
torphy,ടോർഫി
nivedan,അഭ്യർത്ഥിക്കുക
bear bottle,കരടി കുപ്പി
ply wood,പ്ലൈവുഡ്
ropes,കയറുകൾ
rassi,ഓട്ടം
utshuk,നീരസം
rishta,റിഷ്ട
madhushala,ബാർ
madhoshi,ലഹരി
romatic,റൊമാറ്റിക്
nashatanaav,നഷനാബ്
bechain,അസ്വസ്ഥത
mugdal,മുഗ്ദല്
pahelwan,ഗുസ്തി
thaka hua,ക്ഷീണിതനാണ്
dastaane,കയ്യുറകൾ
superpowers,മഹാശക്തികൾ
swasth,ആരോഗ്യമുള്ള
nirog,ആരോഗ്യമുള്ള
tab,ടാബ്
mej,എന്നോട്
flirty,ഫ്ലർട്ടി
chep,പകർത്തുക
dilphek,ദിൽ‌ഫെങ്ക്
chipku,ചിക്കു
canvas shoes,ക്യാൻവാസ് ഷൂസ്
dulhi,ചതവ്
capry,കാപ്രി
skull,തലയോട്ടി
guilty,കുറ്റവാളി
pachhtava,ഖേദിക്കുന്നു
krodhit,ദേഷ്യം
bhaavna,ആത്മാവ്
chhadi,വടി
chabuk,സ്ട്രാപ്പ്
chalak,ഡ്രൈവർ
nirdayi,നിഷ്‌കരുണം
jote,നിന്റെ
kamarband,കമർബാൻഡ്
gussa, naraz,ദേഷ്യം, ദേഷ്യം
nashe me,മദ്യപിച്ചു
neend me,ഉറക്കത്തിൽ
sandle,ചന്ദനം
anand,ആനന്ദ്
safari suit,സഫാരി സ്യൂട്ട്
tees,ടൈൽസ്
ghamnad,വീമ്പിളക്കുക
badtameez,നിർഭാഗ്യകരമാണ്
wrestling suit,ഗുസ്തി സ്യൂട്ട്
dastana,ദസ്താന
darawna,അവനിൽ നിന്ന്
enjoing,ആസ്വദിക്കുന്നു
kameej,ഷർട്ട്
chail,ചങ്ങല
bunglow,ബംഗ്ലാവ്
cunning,തന്ത്രപരമായ
gamccha,കലം
furrycoat,രോമക്കുപ്പായം
taaj,കിരീടം
pistal,പിസ്റ്റൾ
headphones,ഹെഡ്‌ഫോണുകൾ
janjeer,ചങ്ങലയിട്ടു
dhamal,സ്ഫോടനം
intjaar,കാത്തിരിക്കുന്നു
chhhadi,ആറ് ദിവസം
ballon,ബലൂൺ
half pantt,പകുതി പാന്റ്
gubbara,ബലൂൺ
halfpant,പകുതി പണയം
cai,കായ്
jaal,വ്യാജം
maidaan,മൈതാനം
tamga,തംഗ
abhiman,അഹങ്കാരം
nehru kurta,നെഹ്‌റു ഷർട്ട്
gamchha,കലം
bhookha,വിശക്കുന്നു
bush,മുൾപടർപ്പു
jhaad,ജാഡ്
mazaak,mazaak
symbol,ചിഹ്നം
kila,ഓരോന്നും
rajayi,കാട
rajsthani dress,രാജസ്ഥാനി വസ്ത്രധാരണം
gussail,ദേഷ്യം
pickachu,പിക്കാച്ചു
bulbasur,ബൾബാസോർ
big bulba,വലിയ ബൾബ
pokemans,പോക്ക്മാൻ എസ്
rakshak,സൂക്ഷിപ്പുകാരൻ
suit salwar,സ്യൂട്ട് സൽവാർ
jhallaya,വിഷമിക്കുക
prarthna,പ്രാർത്ഥന
khush mazakiya,സന്തോഷകരമായ തമാശ
lameez,ലാമീസ്
dikhawa,കാണിക്കുക
shoes shirt,ഷൂസ് ഷർട്ട്
bhugol,ഭൂമിശാസ്ത്രം
confuse,ആശയക്കുഴപ്പം
imarte,കെട്ടിടങ്ങൾ
wrestling dress,ഗുസ്തി വസ്ത്രധാരണം
nan chaku,എന്ത്
onion,ഉള്ളി
pyaaj,സവാള
saman,ഒന്നിച്ച്
pitcher,പിച്ചർ
piyakkad,മദ്യപൻ
tu aya kaha se,നിങ്ങൾ എവിടെ നിന്നാണ് വന്നത്
aukat me rah,ആകൃതിയിൽ തുടരുക
mai boss hun,അവൾ മുതലാളിയാകട്ടെ
ye ghar mera hai,ഈ വീട് എന്റേതാണ്
mujhe jante ho,നിനക്ക് എന്നെ അറിയാമോ?
ja ke mar jaao,മരിക്കുക
mujhse panga mat lena,എന്നോട് കുഴപ്പത്തിലാക്കരുത്
nal,nal
uttejak,ആവേശകരമാണ്
sando,മണൽ
thaka,ശേഷിക്കുക
choodiyan,വളകൾ
zewar,ആഭരണങ്ങൾ
jajcket,ജജ്ച്കെത്
kagaj,പേപ്പർ
black kurta,കറുത്ത കുർത്ത
kala kurta,ഫിഷ് കുർത്ത
moti chain,കൊഴുപ്പ് ശൃംഖല
dangry,അപകടം
enjoyin,ആസ്വദിക്കൂ
flowerpot,പൂച്ചട്ടി
villa,വില്ല
jwellery,ജ്വല്ലറി
stairs,പടികൾ
statue,പ്രതിമ
pleased,സന്തോഷിച്ചു
gratified,തൃപ്‌തിപ്പെടുത്തി
murti,പ്രതിമ
sidhi,നേരെ
bhavan,ഭവൻ
ahankaar,അഹം
chandma,ചന്ദ്രൻ
chandr,ചന്ദ്ര
badhai,അഭിനന്ദനങ്ങൾ
shubhkamanaye,ആശംസകൾ
gulabi,പിങ്ക്
mohhabat,സ്നേഹം
hairani,അതിശയകരമെന്നു പറയട്ടെ
chauka dena,ആശ്ചര്യപ്പെടുത്താൻ
akasmat,അപകടം
pokemon ball,പോക്ക്മാൻ ബോൾ
gend,മതി
vishwas,വിശ്വാസം
nirvanaya,നിർവാണ
teabag,ടീ ബാഗ്
chini,ചുവടെ
chai patti,ചായ് പുട്ടി
chai bag,ടീ ബാഗ്
dena,എല്ലാം
puchna,ചോദിക്കാൻ
mangna,ഭക്ഷണം
floral,പുഷ്പം
polka dots,പോൾക്ക ഡോട്ടുകൾ
bindu pant,ബിന്ദു പന്ത്
samjhana,വിശദീകരിക്കാൻ
rope,കയർ
curtain, toy,മൂടുശീല, കളിപ്പാട്ടം
grateful,നന്ദിയുള്ളവർ
registan,റെജിസ്ഥാൻ
aadar,ഇഞ്ചി
samman,ഒന്നിച്ച്
haal chal,സമീപകാല ട്രിക്ക്
shirt, pant. stadium, lights, chairs, mike,,ഷർട്ട്, പാന്റ്. 
frustate,വാദഗതിയാണ്
gilla,പോലെ
bent,വളഞ്ഞു
chidhan,പ്രകോപനം
narazgi,നെഞ്ചെരിച്ചിൽ
afsos,അയ്യോ
gulal,ഗുലാൽ
khelna,കളിക്കാൻ
dhum dham,ആഡംബരം
nachana,നാചാന
mug beer,മഗ് ബിയർ
nashe,ഞങ്ങളുടെ
saste nashe,വിലകുറഞ്ഞ മരുന്നുകൾ
desi daru,ഞാൻ നൽകിയാലും
bewda,bewda
question mark,ചോദ്യചിഹ്നം
poorn viram,പൂർണ്ണ സ്റ്റോപ്പ്
poochna,ചോദിക്കാൻ
boom,കുതിച്ചുചാട്ടം
bubbles,കുമിളകൾ
handcuffs,കരക uff ശലം
hathkadi,കരക uff ശലം
utsaah,ഉത്സാഹം
sticks,വിറകുകൾ
wall,മതിൽ
dandi,ഘട്ടം
diwar,എന്നോട് പറയൂ
chalaki,ട്രിക്ക്
bag, school,ബാഗ്, സ്കൂൾ
kulfi,കുൽഫി
baraf,മഞ്ഞ്
kitabein,പുസ്തകങ്ങൾ
paathshala,സ്കൂൾ
unpotential,കഴിവില്ലാത്ത
inability,കഴിവില്ലായ്മ
mayuus,മയൂസ്
lighter,ഭാരം കുറഞ്ഞത്
matchbox,തീപ്പെട്ടി
cigaratte,സിഗരട്ട്
rani,റാണി
heere,പ്രഭു
atama vishwas,മുൻകാല വിശ്വാസം
jigyasa,ജിജ്ഞാസ
positions,സ്ഥാനങ്ങൾ
exicting,ആവേശകരമായ
langoti,ദീർഘായുസ്സ്
narangi,ഓറഞ്ച്
kesariya,കുങ്കുമം
ajana,അജ്ഞാതം
batana,ബറ്റാന
panty,പാന്റി
under garments,വസ്ത്രങ്ങൾക്കടിയിൽ
UGs,യു.ജി.
clips,ക്ലിപ്പുകൾ
kache,സമീപം
clip,ക്ലിപ്പ്
dhup,സൂര്യൻ
sooraj,സൂര്യൻ
dumb ball,ഓർമയുള്ള പന്ത്
bisecps,കൈകാലുകൾ
massage,മസാജ് ചെയ്യുക
tagad,ഇപ്പോൾ
tagadwar,സ്ട്രോംഗ്മാൻ
hairs,രോമങ്ങൾ
pankh,ചിറകുകൾ
disagreed,വിയോജിച്ചു
shirt pant,ഷർട്ട് പാന്റ്
line marna,വരിയിൽ തട്ടുന്നു
letna,ലെറ്റ്ന
taar,അവളുടെ
ocean water,സമുദ്രജലം
dhoop,സൂര്യൻ
neela,ബ്ലൂ
bhoo,ഭൂമി
dried,ഉണങ്ങിയ
feared,ഭയപ്പെട്ടു
chandrma,ചന്ദ്രൻ
chanda,സബ്സ്ക്രിപ്ഷൻ
darawana,എന്റെ അടുക്കലേക്കു മടങ്ങിവരിക
khauf,ഖ uf ഫ്
bhootiya,പ്രേതബാധ
safed,വെള്ള
disheartened,നിരാശനായി
fox,കുറുക്കൻ
jackal,കുറുക്കൻ
gidad,കൊണ്ടുവന്നു
shurbs,കുറ്റിച്ചെടികൾ
herbs,bs ഷധസസ്യങ്ങൾ
raasta,താമ്രജാലം
jhaadi,ബുഷ്
gadi,വർഷങ്ങൾ
stones,കല്ലുകൾ
convincing,ബോധ്യപ്പെടുത്തുന്ന
pathar,കല്ല്
tashtari,ഡിഷ്
aaloo,aaloo
chaipatti,ചായ ഇലകൾ
araam,വിശ്രമിക്കുക
sleepers,സ്ലീപ്പർമാർ
wine, bottle,വീഞ്ഞു കുപ്പി
indra dhanush,ഇന്ദ്ര ധനുഷ്
hara ujala,പച്ച വെളിച്ചം
jahag,കപ്പൽ
utsuk,ആകാംക്ഷയുള്ള
lock,ലോക്ക് ചെയ്യുക
tala,സ്പീക്ക്
graph,ഗ്രാഫ്
atma vishwas,ആത്മവിശ്വാസം
sweter,സെറ്റര്
trowel,trowel
swetr,swetr
kurpi,തൂവാലകൾ
samajhdaar,സെൻസിബിൾ
sleeper,സ്ലീപ്പർ
bow top,വില്ലു ടോപ്പ്
sleeveless,സ്ലീവ്‌ലെസ്
kata baju,കുപ്പായം പറഞ്ഞു
sabr,sabr
mez,ജേഴ്സി
atma vishwaas,ആത്മവിശ്വാസം
hairy chest,രോമമുള്ള നെഞ്ച്
shirt, pant,ഷർട്ട്, പാന്റ്
chati,ചാർട്ട്
mubarakein,വാഴ്ത്തപ്പെട്ടവൻ
entertaining,വിനോദം
bhara,പൂരിപ്പിച്ചു
suit. tree,സ്യൂട്ട്. 
love, happy, romantic, lovable, lovely, miss,,സ്നേഹം, സന്തോഷം, റൊമാന്റിക്, സ്നേഹനിർഭരമായ, മനോഹരമായ, മിസ്,
suit, pant,സ്യൂട്ട്, പാന്റ്
intezaar, pyaar,സ്നേഹം കാത്തിരിക്കുക
anger, sad, disagreed,കോപം, സങ്കടം, വിയോജിക്കുന്നു
muaja,മാസം
shaktimaan, chakra, circle, gold, band,ശക്തിയേറിയ, സൈക്കിൾ, കാലാതീതമായ, സ്വർണം, ബാൻഡ്
chata, badal,ആറാമത്, മാറ്റം
manzil,വീട്
dhoti,mala, rudraksh,ധോതി, മാള, രുദ്രാക്ഷ്
CID,സി.ഐ.ഡി.
behnsa,ബെഹ്ംസ
todna,തകർക്കാൻ
juju,ജുജു
nishana,ലക്ഷ്യം
dahi valle,താഴ്വര പോലും
taskari,കള്ളക്കടത്ത്
pajayma,പൈജാമ
slip,തെന്നുക
signs,അടയാളങ്ങൾ
confident, proud, happy, serious,ആത്മവിശ്വാസം, അഭിമാനം, സന്തോഷം, ഗുരുതരമായത്
nishaan,അടയാളപ്പെടുത്തുക
ache,വേദന
audience,പ്രേക്ഷകർ
gilli,ഗില്ലി
underpant,അടിവശം
kacha,അപ്‌ലോഡുചെയ്യുക
laat,വൈകി
peela,മഞ്ഞ
chest,നെഞ്ച്
roar,അലറുക
dahad,അലറുക
poonch,പൂഞ്ച്
garaj,ഗാരേജ്
sleveless,സ്ലീവ്‌ലെസ്
baju kata,വേഡ് ഷർട്ട്
perm,പെർം
brown,തവിട്ട്
ruthna,ദേഷ്യം വരാൻ
petu,ചോദിക്കുക
decorated,അലങ്കരിച്ചിരിക്കുന്നു
hatered,പക
khafa,ദേഷ്യം
preshan,അസ്വസ്ഥത
bin baju,വസ്ത്രങ്ങളുടെ ബിൻ
sharbat,ജ്യൂസ്
thandai,തണുപ്പ്
cleverness,മിടുക്ക്
innocence,നിരപരാധിതം
chalu,ഓണാണ്
bholapan,വിശ്വാസ്യത
shareer,പങ്കിടുക
paddle,പാഡിൽ
pahiye,ചക്രങ്ങൾ
chakka,ജ്വലനം
prem prasang,പ്രേം പ്രസാങ്
suit pant,സ്യൂട്ട് പാന്റ്
size, body,വലുപ്പം, ശരീരം
bare chest,നഗ്നമായ നെഞ്ച്
karate dress,കരാട്ടെ വസ്ത്രധാരണം
kimono,കിമോണോ
karate,കരാട്ടെ
judo,ജൂഡോ
chingari,തീപ്പൊരി
bijli,വൈദ്യുതി
daudna,പ്രവർത്തിക്കുന്നു
bhagna,മിക്കതും
gulaab,ഗുലാബ്
mens accessries,പുരുഷന്മാരുടെ ആക്സസറികൾ
figure,കണക്ക്
mannequin,കൃത്രിമം
worked up,പ്രവർത്തിച്ചു
frustrate,നിരാശപ്പെടുത്തുക
cargo jeans,കാർഗോ ജീൻസ്
two wheeler,ഇരുചക്ര വാഹനം
premmaya,ഇഷ്ടപ്പെട്ടു
flower shirt,പുഷ്പ ഷർട്ട്
whiskey, wine,വിസ്കി, വൈൻ
mens accessories,പുരുഷ ആക്സസറികൾ
hanuman pendant,ഹനുമാൻ പെൻഡന്റ്
hankerchief,തൂവാല
Indian jersey,ഇന്ത്യൻ ജേഴ്സി
cricket gloves,ക്രിക്കറ്റ് കയ്യുറകൾ
coal,കൽക്കരി
microwave,മൈക്രോവേവ്
hath pankha,ഹാൻഡ് ഫാൻ
koella,കൊഎല്ല
pure butter,ശുദ്ധമായ വെണ്ണ
containers,പാത്രങ്ങൾ
shudh ghee,shudh നെയ്യ്
kanaster,കാനിസ്റ്റർ
indian salwaar kameez,ഇന്ത്യൻ സൽവാർ കമീസ്
pigs,പന്നികൾ
garmjosh,M ഷ്മളത
tshirt, jeans,ഷർട്ട്, ജീൻസ്
saw,കണ്ടു
aari,പ്രോപ്പർട്ടി
nokila gada,നികില ഗഡ
romanntic,റൊമാന്റിക്
premaya,പ്രെമയ
motor cycle,മോട്ടോർ സൈക്കിൾ
sweathsirt,വിയർപ്പ് ഷർട്ട്
s weater,സ്വെറ്റർ
ice cubes,ഐസ് ക്യൂബുകൾ
lugges,ലഗേജുകൾ
overcoat,ഓവർ‌കോട്ട്
hairaan,ബോറടിക്കുന്നു
pillows,തലയിണകൾ
jacet,കള്ളം
jeans shoes,ജീൻസ് ഷൂസ്
ties,ബന്ധങ്ങൾ
inquiring,അന്വേഷിക്കുന്നു
jean,ജീൻ
horney,കൊമ്പൻ
joote, dil, titliyan,ബൂട്ട്സ്, ഹാർട്ട്സ്, ചിത്രശലഭങ്ങൾ
stains,കറ
kichar,ചെളി
joote, bike,ഷൂസ്, ബൈക്ക്
ganji,നന്ദിയുള്ളവർ
joote, beer,ജൂട്ട്, ബിയർ
flies,ഈച്ചകൾ
tank,ടാങ്ക്
makhkhi,മഖി
makhkhiyaan,ബീംസ്
garlands,മാല
noebook,നോട്ടുബുക്ക്
bamboo,മുള
crocs,മുതലകൾ
baans,ജോലി
spot light,സ്പോട്ട്‌ലൈറ്റ്
injection,കുത്തിവയ്പ്പ്
syringe,സിറിഞ്ച്
hospital bed tshirt,ആശുപത്രി ബെഡ് ഷർട്ട്
sui,ന്
haspataal,ആശുപത്രി
pandit ji ki poshaak,പണ്ഡിറ്റ് ജി കീ വസ്ത്രധാരണം
pleading,വാദിക്കുന്നു
pilla,കൊള്ള
minnat mangna,അഭ്യർത്ഥിക്കാൻ
khiloney,ബ്ലൂം
kitabey,പുസ്തകങ്ങൾ
fire ball,ഫയർ ബോൾ
aag ka gola,aag ka gola
kurta payjama,കുർത്ത പൈജാമ
madhhosh,മധുരം
shwal,ഷാവാൽ
fanda,ഫാൻ
armour,കവചം
nirbhaya,നിർഭയ
aatamvishwas,aatamvishwas
Ash Ketchum,ആഷ് കെച്ചും
bangls,വളകൾ
shrewd,സമർത്ഥൻ
cookies,കുക്കികൾ
tools,ഉപകരണങ്ങൾ
spaner,രഹസ്യ
kilwish,കിലോവിഷ്
shaolin,ഷാവോളിൻ
knickers,നിക്കറുകൾ
film roll,ഫിലിം റോൾ
hopeful,പ്രതീക്ഷ
cinema roll,സിനിമാ റോൾ
ummeed,ഉമ്മിഡ്
shrewed,സമർത്ഥൻ
dolle,ഭ്രാന്തൻ
sockes,സോക്കുകൾ
biscuit,ബിസ്കറ്റ്
teeshart,ടി-ഷർട്ട്
tissues,ടിഷ്യൂകൾ
hand wash,കൈ കഴുകാനുള്ള
dhotti,ധോതി
gold Bangle,സ്വർണ്ണ വള
gold kada,സ്വർണ്ണ കട
vase,പൂത്തട്ടം
stool,മലം
banitan,banitan
Lightning,മിന്നൽ
bijali,വൈദ്യുതി
vishvaas,വിശ്വാസ്
indian jarsee,ഇന്ത്യൻ ജേഴ്സി
jarsee,ജേഴ്സി
bull's eye,കാളയുടെ കണ്ണ്
target board,ടാർഗെറ്റ് ബോർഡ്
kamaan,കമാൻഡ്
gaans,പോകൂ
kaode,നേടുക
long shoe,നീളമുള്ള ഷൂ
labme jute,ചണം
himmatwala,ധൈര്യമുള്ള
wave,തരംഗം
lahar,ലാവ
tuti,ഉറപ്പായി
vase coat,വാസ് കോട്ട്
gmacha,gmacha
ladle,ലാൻഡിൽ
spray,സ്പ്രേ
kadachhi,കഠിനമാണ്
raviya,മനോഭാവം
mant,mant
gold bangals,സ്വർണ്ണ വളകൾ
juty,ഒത്തുകൂടി
hand strap,കൈ വടി
hath ki patti,ഹാൻഡ് സ്ട്രിപ്പ്
sone ki chian,സോനെകി ചിയാൻ
titali,ചിത്രശലഭം
pyarbhara,സ്നേഹിക്കുന്നു
boxing gloves,ബോക്സിംഗ് കയ്യുറകൾ
wrestling stage,ഗുസ്തി ഘട്ടം
ladai dastane,കയ്യുറകളോട് പോരാടുക
sone ka locket,സ്വർണ്ണ ലോക്കറ്റ്
laher,ലാഹർ
samundra,കടൽ
headphone,ഹെഡ്‌ഫോൺ
bread,റൊട്ടി
pudi,നടപ്പാത
roti,തിരിക്കുക
khopadi,പകർത്തുക
uniforms,യൂണിഫോം
tie. note book,ടൈ. 
murga,മുർഗ
bed sheet,ബെഡ് ഷീറ്റ്
chaddr,chaddr
atma vishvas,ആത്മവിശ്വാസം
rabaiya,കോവർ നം
chunni,സുന്നി
deepika padukon,ദീപിക പദുക്കോൺ
convince,ബോധ്യപ്പെടുത്തുക
ghanti,മണി
sliper,ഷാർപ്പ്നർ
roshani,വിളക്കുകൾ
shaher,നഗരം
neckless,കഴുത്തില്ലാത്ത
saadi,സാദി
chudi,ചുവടെ .ട്ട്
gudda,ഗുദ്ദ
shahar,നഗരം
talk bubble,ടോക്ക് ബബിൾ
prashn chinh,ചോദ്യചിഹ്നം
bazooka,bazooka
hath ka patta,കൈ ഇല
cricket pads,ക്രിക്കറ്റ് പാഡുകൾ
durbin,ഡർബിൻ
punching gloves,കയ്യുറകൾ കുത്തുക
sidiyan,പടികൾ
seb,സെബ്
alsi,alsi
nuteral,നിഷ്പക്ഷത
shoping bag,ഷോപ്പിംഗ് ബാഗ്
thaila,തായ്‌ല
kitabe,പുസ്തകങ്ങൾ
mukahuta,മുകുട്ട
naquaab,സിനിമ
plat,പ്ലാറ്റ്
phuchka,.തുക
gupchup,നിശബ്ദമായി
gigner,ഹിംസാ
adrakh,അദ്ര
punching bag,ഇടിസഞ്ചി
t-shrt,ടി-ഷർട്ട്
l bottle,l കുപ്പി
superman shuit,സൂപ്പർമാൻ സ്യൂട്ട്
superman logo,സൂപ്പർമാൻ ലോഗോ
superman suit,സൂപ്പർമാൻ സ്യൂട്ട്
blancket,ബ്ലന്ച്കെത്
bangle,വള
kammej,കംമെജ്
qutub minar,ഖുതുബ് മിനാർ
london bridge,ലണ്ടൻ പാലം
bat-chit,ബാറ്റ്-ചിറ്റ്
pad,പാഡ്
tooth brush,ടൂത്ത് ബ്രഷ്
danto ka brush,നിങ്ങളുടെ ബ്രഷിൽ പറ്റിനിൽക്കുക
cart,കാർട്ട്
trolly,ട്രോളി
t-short,ടി-ഹ്രസ്വ
capron,കാപ്രോൺ
kitchen ka kapda,അടുക്കള വസ്ത്രങ്ങൾ
khana banana,പാചകം ചെയ്യാൻ
chamacha,സ്പൂൺ
khuish,ഖോയിഷ്
shaktiman dress,ശക്തിമാൻ വസ്ത്രധാരണം
shaktiman ka dress,ശക്തിമാന്റെ വസ്ത്രധാരണം
gateway of India,ഇന്ത്യയുടെ കവാടം
hawai jahaj,വിമാനം
water pool,വാട്ടർ പൂൾ
naraj,ദേഷ്യം
neck lace,കണ്ഠാഭരണം
slipper,സ്ലിപ്പർ
batman dress,ബാറ്റ്മാൻ വസ്ത്രധാരണം
batman ke kapde,ബാറ്റ്മാന്റെ വസ്ത്രങ്ങൾ
atmaviswas,ആത്മവിശ്വാസം
sharab ki glass,ഗ്ലാസ് വൈൻ
bib,ബിബ്
toilet paper,ടോയിലറ്റ് പേപ്പർ
napkin,തൂവാല
chote kapde,ചെറിയ വസ്ത്രങ്ങൾ
disco light,ഡിസ്കോ ലൈറ്റ്
typewriter,ടൈപ്പ്റൈറ്റർ
uttawala,ഭരിക്കുക
kitabe joote,ചെരിപ്പുകൾ ബുക്ക് ചെയ്യുക
ghari,ഘാരി
wood,മരം
rumal,മണ്ടൻ
chithi,കത്ത്
janana,എന്നോട് പറയുക
hath ka band,കൈമാറുക
stamp,സ്റ്റാമ്പ്
mohar,മുദ്ര
punjabi shoes,പഞ്ചാബി ഷൂസ്
charpai,കട്ടിലുകൾ
gale ka haar,നെക്ലേസ്
beach chair,ബീച്ച് കസേര
gold necklace,സ്വർണ്ണ മാല
sone ke kade,കഠിനമായ സ്വർണം
add shoe,ഷൂ ചേർക്കുക
clutch,ക്ലച്ച്
juthey,ജൂതേ
wickets,വിക്കറ്റ്
pirate boots,കടൽക്കൊള്ളക്കാരുടെ ബൂട്ട്
lootere k kapde,കവർച്ചക്കാർ
arrogance,അഹങ്കാരം
rawaiya,ചിരി
drum sticks,ഡ്രം സ്റ്റിക്കുകൾ
utsahit,ആവേശഭരിതനായി
crows,കാക്കകൾ
costumes,വസ്ത്രങ്ങൾ
stupidity,മണ്ടത്തരം
pagalpanti,മദ്‌പന്തി
rigid,അയവില്ലാത്ത
hankey,ഹാൻകി
threaten,ഭീഷണിപ്പെടുത്തുക
police ki wardi,പോലീസ് കി വാർഡി
adhiyal,അതിയല്
half pants,പകുതി പാന്റ്സ്
guilt,കുറ്റബോധം
hatodha,ഞങ്ങൾ പാഴാക്കരുത്
drum stick,ഡ്രം സ്റ്റിക്ക്
cricket uniform,ക്രിക്കറ്റ് യൂണിഫോം
cricket ki wardi,ക്രിക്കറ്റ് യൂണിഫോം
urjatmak,എനർജി
dementor,ഡിമെന്റർ
dumpishach,ഡംപിഷാച്ച്
ruab,സെൻസിറ്റീവ്
tennis raquet,ടെന്നീസ് റാക്കറ്റ്
encouragement,പ്രോത്സാഹനം
protsahan,പ്രോത്സാഹനം
arogance,അഹങ്കാരം
black belt,ബ്ലാക്ക് ബെൽറ്റ്
chattri,ചത്രി
wardi,വാർഡി
text book,പാഠപുസ്തകം
vidyalaya ki wardi,സ്കൂൾ യൂണിഫോം
pustak,പുസ്തകം
pustika,ലഘുലേഖ
vegeta costume,സസ്യഭക്ഷണം
vegeta ki wardi,പച്ചക്കറി യൂണിഫോം
dumbells,ഡംബെൽസ്
gym clothes,ജിം വസ്ത്രങ്ങൾ
yoga mat,യോഗ പായ
gym ke kapde,ഗയാമിന്റെ വസ്ത്രങ്ങൾ
waistcoat,അരക്കെട്ട്
currency notes,കറൻസി നോട്ടുകൾ
pitab,പിറ്റാബ്
inflated tube,വർദ്ധിച്ച ട്യൂബ്
carton,കാർട്ടൂൺ
ras,റാസ്
bhukh,വിശപ്പ്
garbagebin,ചവറ്റുകുട്ട
drape,drape
swagatam,സ്വഗതമ്
motercycle,മോട്ടോർ സൈക്കിൾ
bermuda,ബെർമുഡ
frying pan,വറചട്ടി
tawa,ചിരി
supportive,പിന്തുണയ്ക്കുന്നു
arror,അമ്പടയാളം
kabab roll,കബാബ് റോൾ
chicken roll,ചിക്കൻ റോൾ
kabab,കബാബ്
raincoat,റെയിൻ‌കോട്ട്
barsati kapade,റെയിൻവെയർ
parvah,പരിചരണം
cofee,കോഫി
durbhash,ഫോൺ
glass of water,ഒരു ഗ്ലാസ് വെള്ളം
ku fu,കുഫ്
balcony,ബാൽക്കണി
mufler,മുഫ്ലെര്
disney,ഡിസ്നി
chuha,മൗസ്
track suit,ട്രാക്ക് സ്യൂട്ട്
tufan,വെള്ളപ്പൊക്കം
power puff girls,പവർ പഫ് പെൺകുട്ടികൾ
bahans,ചർച്ച
danush,ധനുഷ്
jhony bravo,ജോണി ബ്രാവോ
hanky,ഹാൻകി
yantrik manav,മെക്കാനിക്കൽ ഹ്യൂമൻ
suswagatam,സ്വാഗതം
aungli,aungli
minister,മന്ത്രി
gusa,മാത്രം
skating,സ്കേറ്റിംഗ്
shinchan,ഷിഞ്ചൻ
thumb,പെരുവിരൽ
angutha,തള്ളവിരൽ
wheel chair,ചക്ര കസേര
batckh,batckh
one piece,ഒരു കഷ്ണം
bun,നല്ല
juda,വളരെ
sleeping beauty,ഉറങ്ങുന്ന സുന്ദരി
rajkumari,രാജകുമാരി
rasta,റസ്ത
jahaj,കപ്പൽ
magnifying glass,മാഗ്‌നിഫൈയിംഗ് ഗ്ലാസ്
pointer,പോയിന്റർ
naksha,ഡിസൈൻ
colorful,വർണ്ണാഭമായ
rangeen,വർണ്ണാഭമായത്
ghnata,അമർത്തി
pop corn,പോപ്പ്കോൺ
tube,ട്യൂബ്
baord,ബോർഡ്
Sheep,ആടുകൾ
bhed,വ്യത്യാസം
lehnga,ലെഹെങ്ക
caot,സ്കെച്ച്
premika,നീക്കങ്ങൾ
geyser,ഗീസർ
toliya,ടോളിയ
sabun,സോപ്പ്
babbar sher,ബബ്ബാർ ഷെർ
madir,മോദി
parvat,പർവ്വതം
pajama tshirt,പൈജാമ ഷർട്ട്
grim,കഠിനമാണ്
yamraj,യമ്രാജ്
haddi,പരിധി
naquab,കുട്ടി
gufa,പുരാതന നിയമം
paresan,ഇണ
choga,choga
nacklace,കണ്ഠാഭരണം
rolling pin,മാവുപരത്തുന്ന വടി
neclace,കണ്ഠാഭരണം
milk bottles,പാൽ കുപ്പികൾ
raj gaddi,രാജ് ഗാഡ്ഡി
pajam,ദയവായി
watergun,വാട്ടർഗൺ
kitaabein,രണ്ട് പുസ്തകങ്ങൾ
katora,ഗർഭപാത്രം
cashma,കണ്ണട
sharrti,സമാധാനം
envelope,കവര്
parantha,വീതിയുള്ള
t shirts,ടി ഷർട്ടുകൾ
oote,കാത്തിരിക്കുക
shararti,വികൃതി
one piece dress,ഒരു കഷണം വസ്ത്രധാരണം
earings,കമ്മലുകൾ
choriyan,മോഷണം
jhumke,കമ്മലുകൾ
chapati,അമർത്തി
pooriyan,പുരിസ്
kachori,ഉദ്ധരണി
saucer,സോസർ
kabootar,കബൂട്ടർ
girl's shadow,പെൺകുട്ടിയുടെ നിഴൽ
tree shadow,വൃക്ഷത്തിന്റെ നിഴൽ
haddiyan,അസ്ഥികൾ
pedh ki parchayi,വൃക്ഷത്തിന്റെ നിഴലുകൾ
ladki ki parchayi,പെൺകുട്ടി നിഴൽ
food stall,ഭക്ഷണശാല
khane ka thela,ഫുഡ് ബാർ
dhukh,സങ്കടം
parsehan,പര്സെഹ്
barrel,ബാരൽ
merry go round,ഉല്ലാസയാത്ര
sherwani,ഷെർവാനി
dushala,ദുഷാല
udaar,ഉദാരമായ
akadu,അവൻ കുഴപ്പത്തിലാണ്
tezz,tezz
wond,മുറിവ്
robe,മേലങ്കി
chonga,പരിശോധിക്കുക
jaduyi chhadi,മാന്ത്രിക വടി
ghinauna,വെറുപ്പുളവാക്കുന്ന
realxed,വിശ്രമിച്ചു
exited,പുറത്തുകടന്നു
maala,വൈകുന്നേരം
dots,ഡോട്ടുകൾ
jewellary,ആഭരണം
gahane,ആഭരണങ്ങൾ
poshal,പോഷാൽ
kitaben,പുസ്തകങ്ങൾ
ice man,ഐസ് മാൻ
iceman,ഐസ്മാൻ
doremon,doremon
boll,ബോൾ
bistari,ദയവായി
prupya,പേജ്
loved,സ്നേഹിച്ചു
sandles,ചെരുപ്പുകൾ
beanbag,ബീൻ ബാഗ്
uban,മറ്റുള്ളവരെ
cle,ക്ലിയർ
deo,ഭാഗം
sugandh,സുഗന്ധം
gahne,ആഭരണങ്ങൾ
rabit,ലിങ്ക്
khargosh,മുയൽ
takhti,ബോർഡ്
eenam,eenam
bhukha,വിശക്കുന്നു
shell,ഷെൽ
utsah,ഉത്സാഹം
dobbey,ഡോബി
bhaybheet,പേടിച്ചു
zozo,സോസോ
ashokchakra,നന്ദി
hathauda,ചുറ്റിക
battakh,താറാവ്
cow dung,ചാണകം
gobar,ചാണകം
mombattee,ഒരു മെഴുകുതിരി
garlic,വെളുത്തുള്ളി
lassan,പതുക്കെ
coffee cup,കോഫി കപ്പ്
kaagaj,പേപ്പർ
kursee,കസേര
protien shaker,പ്രോട്ടീൻ ഷേക്കർ
sipper,സിപ്പർ
garbage,മാലിന്യങ്ങൾ
kapada,തുണി
kachara,പൂച്ച
gorilla,ഗോറില്ല
bowtie,ബോ ടൈ
photo frame,ഫോട്ടോ ഫ്രെയിം
pearls,മുത്തുകൾ
zevar,ആഭരണങ്ങൾ
cap shoe,തൊപ്പി ഷൂ
tshirt pant,ഷർട്ട് പാന്റ്
hand santizer,ഹാൻഡ് സാനിറ്റൈസർ
face wash,ഫെയ്സ് വാഷ്
towel kapada,ടവൽ കപാഡ
jootey rumaal,ഷൂസ് തൂവാല
zodiac sign,രാശി ചിഹ്നം
kanya rashi,കന്നി
jal pari,എനിക്ക് ഇത് വ്യാജമാക്കാൻ കഴിയും
naariyal,തേങ്ങ
zo zo,അങ്ങനെ
colour balloons,വർണ്ണ ബലൂണുകൾ
gubare,ക്യൂബ പനി
xerox,സിറോക്സ്
shirtl trouser,ഷർട്ട് ട്ര ous സർ
photocopy machine,ഫോട്ടോകോപ്പി മെഷീൻ
shaitaan,ചക്കിൾ
gardani,ഗാർഡാനി
doreman,ഡോറെമാൻ
office ki table,ഓഫീസ് കി പട്ടിക
party wear,പാർട്ടി വസ്ത്രം
yoga pant,യോഗ പാന്ത്
lower,താഴത്തെ
payajama,പൈജാമ
martial art suit,ആയോധനകല സ്യൂട്ട്
railway track,റെയിൽ‌വേ ട്രാക്ക്
transistor,ട്രാൻസിസ്റ്റർ
music player,മ്യൂസിക് പ്ലെയർ
rail track,റെയിൽ ട്രാക്ക്
chudidar,ചുരിദാർ
roti roller,റൊട്ടി റോളർ
exicited,ആവേശത്തിലാണ്
punjabi dress,പഞ്ചാബി വസ്ത്രധാരണം
kid baby,കുഞ്ഞ് കുഞ്ഞ്
jhoola,സ്വിംഗ്
crickert,ക്രിക്കറ്റ്
indian t shirt,ഇന്ത്യൻ ടി ഷർട്ട്
I am magician,ഞാൻ മാന്ത്രികനാണ്
playing cards,ചീട്ടുകളി
trench coat,ട്രെഞ്ച് കോട്ട്
saxophone,സാക്സോഫോൺ
blazer suit,ബ്ലേസർ സ്യൂട്ട്
mojito,മോജിതോ
nimbu pani,നാരങ്ങാവെള്ളം
monitor,മോണിറ്റർ
tea bag,ടീ ബാഗ്
cricket team member,ക്രിക്കറ്റ് ടീം അംഗം
team jersey,ടീം ജേഴ്സി
kark raasi,രാശിചിഹ്നം
rashi,രാശി
lauggage,ലഗേജ്
jooteyl joote,ചെരുപ്പ് ചെരിപ്പുകൾ
swinging hamcock,സ്വിംഗിംഗ് ഹമ്മോക്ക്
hearts butterfly,ഹൃദയങ്ങൾ ചിത്രശലഭം
titalee,ടൈറ്റാലി
banian,എട്ട് വർഷം
angootha,തള്ളവിരൽ
angotha,അവർ തളർന്നുപോയി
post card,പോസ്റ്റ് കാർഡ്
leg piece,ലെഗ് പീസ്
cock,കോഴി
murgee,മുർഗി
hockey stick,ഹോക്കി സ്റ്റിക്ക്
butter fly,വെണ്ണ ഈച്ച
titli,ശീർഷകങ്ങൾ
angels,മാലാഖമാർ
pari,തുല്യ
mithun rashi,ജെമിനി
mumbai jersey,മുംബൈ ജേഴ്സി
imarat,ഇമാരത്ത്
podium,പോഡിയം
dhirt,സസ്യങ്ങൾ
dish,വിഭവം
chamcha,സ്പൂൺ
shairt,ഷേവ് ചെയ്തു
takatvar,വീരന്മാർ
sadals,ചെരുപ്പുകൾ
maszid,പള്ളി
kaeez,കെയ്‌സ്
lehenga choli,ലെഹെങ്ക ചോളി
eggs,മുട്ട
nest,കൂടു
anda,നിങ്ങൾ
ghonsala,കൂടു
salwaar kameez,സൽവാർ കമീസ്
dead pool,ഡെഡ് പൂൾ
weapons,ആയുധങ്ങൾ
hathiyaar, shastr,ആയുധങ്ങൾ, തിരുവെഴുത്ത്
kamiz: kameez,കമിസ്: കമീസ്
underwater plants,അണ്ടർവാട്ടർ സസ്യങ്ങൾ
paani wale paudhe,ചെടികൾക്ക് നനവ്
ashoka chakra, saree,അശോക ചക്രം, സാരി
deshbhakt,ദേശസ്നേഹി
hungy,വിശക്കുന്നു
kaanta,മുള്ളുകൾ
buns,ബണ്ണുകൾ
oranges,ഓറഞ്ച്
santare,ഓറഞ്ച്
bund,ബണ്ട്
tokri,കൊട്ട
pav,അത്തി
guss,കാസ്റ്റുചെയ്യുക
jewar,ആഭരണങ്ങൾ
hilary, tshirt,ഹിലാരി, ടിഷർട്ട്
kuchcha,ചിക്ക്
shaitnai,പൈശാചിക
pencils,പെൻസിലുകൾ
crayons,ക്രയോണുകൾ
battak,ബാർജ്
bel,മനോഹരമായ
takhat,തകാത്ത്
tshirt watch,ടിഷർട്ട് വാച്ച്
komputer,കമ്പ്യൂട്ടർ
dissaproving,നിരസിക്കുന്നു
sign board,സൈൻ ബോർഡ്
notebooks,നോട്ട്ബുക്കുകൾ
colour pens,കളർ പേനകൾ
apronn,ഏപ്രിൽ
yogi bear,യോഗി കരടി
nightwear,നൈറ്റ്വെയർ
palan,സൂക്ഷിക്കുന്നു
kadpe,കയ്പേറിയ
kinara,അഗ്രം
joo joo,അതെ അതെ
pulao,പുഷ്
fried chicken,ഫ്രൈഡ് ചിക്കൻ
rice,അരി
pulaav,റിസോട്ടോ
chawal,അരി
handi biryani,ബിരിയാണി അല്ല
Kolkata Knight Riders,കൊൽക്കത്ത നൈറ്റ് റൈഡേഴ്സ്
team tshirt,ടീം ഷർട്ട്
sunrisers hyderabad,സൺ‌റൈസേഴ്‌സ് ഹൈദരാബാദ്
saaree,കൊള്ളാം
tshirt t,ടിഷർട്ട് ടി
Indian cricket tshirt,ഇന്ത്യൻ ക്രിക്കറ്റ് ഷർട്ട്
tshrt,tshrt
bull dog,കാള നായ
chaarminar,ചാർമിനാർ
rench,rench
paech kas,paech kas
bar stool,ബാർ മലം
tissue,ടിഷ്യു
soaps,സോപ്പുകൾ
pdt,pdt
peacock feather,മയിൽപ്പീലി
ethnic dress,വംശീയ വസ്ത്രധാരണം
christmas sweater,ക്രിസ്മസ് സ്വെറ്റർ
ghaghra,പാവാട
Indian cricket team player,ഇന്ത്യൻ ക്രിക്കറ്റ് ടീം കളിക്കാരൻ
curtain,തിരശ്ശീല
bathroom tiles,ബാത്ത്റൂം ടൈലുകൾ
cherry,ചെറി
bhookh,വിശപ്പ്
trolly bag,ട്രോളി ബാഗ്
sphinx,സ്ഫിങ്ക്സ്
water bottle,വെള്ളകുപ്പി
buriya bistra,ബുറിയ ബിസ്ട്ര
pani ki botal,വാട്ടർ ബോട്ടിൽ
gold bangles,സ്വർണ്ണ വളകൾ
sone ke kangan,സ്വർണ്ണ ബ്രേസ്ലെറ്റ്
green chilly,പച്ചമുളക്
vada pav,വാഡ പാവ്
hari mirch,മിർച്ച് ദിവസം
golden scale,സുവർണ്ണ സ്കെയിൽ
sone ka tarazu,കാത്തിരിക്കരുത്
pani ki boond,വാട്ടർ ഡ്രോപ്പ്
santa costume,വിശുദ്ധ വേഷം
clebration,ക്ലെബ്രേഷൻ
sanda ki paushakh,ചെരുപ്പ് വസ്ത്രധാരണം
tofe,ടോഫെ
magic wand,മാന്ത്രിക വടി
jadui paushakh,മാജിക് വസ്ത്രധാരണം
jadui chadi,മാന്ത്രിക വടി
manch,ചിലത്
suspisious,സംശയാസ്പദമായ
sandehjanak,സംശയം
coffee mugs,കോഫി മഗ്ഗുകൾ
sajawat,അലങ്കാരം
superman costume,സൂപ്പർമാൻ വേഷം
superman paushakh,സൂപ്പർമാൻ പ aus ഷാഖ്
lion costume,സിംഹവസ്ത്രം
sher ki paushakh,സിംഹവസ്ത്രം
wall clock,മതിൽ ഘടികാരം
rice bowl,അരി പാത്രം
chawal ka katora,അരി പാത്രം
flower vase,പുഷ്പ പാത്രം
chaukna,അലേർട്ട് ചെയ്യാൻ
juraben,ജുറാബെൻ
inton ki diwar,ഇഷ്ടിക മതിൽ
khilone,ബ്ലൂം
currency note,കറൻസി കുറിപ്പ്
mobile phones,മൊബൈൽ ഫോണുകൾ
stuffed chapati,സ്റ്റഫ് ചെയ്ത ചപ്പാത്തി
paratha,പരത
hari chutney,ഹാരി ചട്ണി
wires,വയറുകൾ
tident,ടൈഡന്റ്
uads,uads
super woman costume,സൂപ്പർ വുമൺ കോസ്റ്റ്യൂം
wooden fence,തടികൊണ്ടുള്ള വേലി
murgaa,അസ്വസ്ഥനായി
sitar,സിത്താർ
traditional  wear,പരമ്പരാഗത വസ്ത്രം
tea glasses,ടീ ഗ്ലാസുകൾ
chaiwala,ഇളകി
india flag,ഇന്ത്യാ പതാക
super human,സൂപ്പർ ഹ്യൂമൻ
first aid,പ്രഥമ ശ്രുശ്രൂഷ
landline receiver,ലാൻഡ്‌ലൈൻ റിസീവർ
glove,കയ്യുറ
lap top,ലാപ് ടോപ്പ്
naayak,നായകൻ
jump suit,ജമ്പ് സ്യൂട്ട്
jegging,ജെഗ്ഗിംഗ്
traditional dress,പരമ്പരാഗത വസ്ത്രധാരണം
micky mouse,മിക്കി മൗസ്
robo,റോബോ
robat,മോഷ്ടിച്ചു
sleveless tshirt,സ്ലീവ്‌ലെസ് ഷർട്ട്
spray pump,സ്പ്രേ പമ്പ്
gudiya,പാവ
geomentrcal shapes,ജ്യാമിതീയ രൂപങ്ങൾ
id card,ഐഡി കാർഡ്
lunch box,ലഞ്ച് ബോക്സ്
dabbawala,മൃഗം
kutaa,ചുവര്
nosering,മൂക്കുത്തി
nath,നാഥ്
kangan,ബ്രേസ്ലെറ്റ്
poshaq,poshaq
koonchi,കത്രിക
eenaam,ഏകാന്തത
shark ki poshak,സ്രാവ് വേഷം
patloom,പാറ്റ്ലൂം
tshit,ന്യൂഡൽഹി
utyejit,മേള
sleapers,സ്ലീപ്പർമാർ
ptloon,ptloon
urjawaan,എനർജി
sandels,ചെരുപ്പുകൾ
dilouge,ഫ്ലോർ ഡ്രെയിൻ
spear,കുന്തം
bhaala,കൊള്ളാം
sardi ke kapde,ശൈത്യകാല വസ്ത്രങ്ങൾ
pahaad,പർവ്വതം
paijama,പൈജാമ
' kurta,'കുർത്ത
salwaer,സൽവാർ
juutiyan,മ്യൂട്ടേഷൻ
sikke,സിക്കെ
chidchida,പ്രകോപിപ്പിക്കരുത്
sport uniform,കായിക യൂണിഫോം
tikki,ടിക്കി
rinch,കഴുകിക്കളയുക
screwdiver,സ്ക്രൂഡ്രൈവർ
hathaouda,ഭാഗ്യം
peon dress,പ്യൂൺ വസ്ത്രധാരണം
chaptrasi ki dress,chaptrasi ki dress
maharastra,maharashtra
unicorn,യൂണികോൺ
dangri,അന്ന്
kchha,അസംസ്കൃത
puchana,ചോദിക്കാൻ
pataloon,പാന്റലൂൺ
khun,കൊലപാതകം
Leaning Tower of Pisa,പിസയിലെ ചെരിഞ്ഞ ഗോപുരം
tower,ടവർ
pisa ki minar,പിസ ഗോപുരം
minar,മിനാർ
stamps,സ്റ്റാമ്പുകൾ
slice,സ്ലൈസ്
puchhna,ചോദിക്കാൻ
handbag,ഹാൻഡ്‌ബാഗ്
hair roller,ഹെയർ റോളർ
paani ki boond,വാട്ടർ ഡ്രോപ്പ്
alkohol,മദ്യം
chhatari,കുട
weight machine,ഭാരം യന്ത്രം
magician suit,മാന്ത്രികൻ സ്യൂട്ട്
jadugar,മാന്ത്രികൻ
dor,വേദന
dhaaga,ത്രെഡ്
khsuh,സംഗ്രഹിക്കുക
fulle,നിറഞ്ഞ
herat,ഹെറാത്ത്
poushaak,പാവ് ഹുക്ക്
piya hua,ലെതർ എംബോസിംഗ്
moje,എന്റെ
garam kapde,ചൂടുള്ള വസ്ത്രങ്ങൾ
light bulb,ബൾബ് പ്രകാശിപ്പിക്കുക
boxing ke dastane,ബോക്സിംഗ് കയ്യുറകൾ
haddiyon ka dhancha,അസ്ഥി ഘടന
dhumrapan,പുകവലി
kanmeez,കാൻമീസ്
school ki wardi,സ്കൂൾ യൂണിഫോം
paushkh,പോഷകഗുണം:
raat ke kapde,രാത്രി വസ്ത്രങ്ങൾ
matke,അമ്മ
tana,ഷെൽഫ്
suite,സ്യൂട്ട്
jadu ki chadi,മാന്ത്രിക വടി
dwarfs,കുള്ളൻ
dridh,ഇളകിമറിഞ്ഞു
carpet,പരവതാനി
tie, magnifying glass,ടൈ, മാഗ്‌നിഫൈയിംഗ് ഗ്ലാസ്
scarry,വടു
prait,അപ്പാരിഷൻ
dridhta,ഉറപ്പ്
guassa,ഗാസ
sardiyon ke kapde,ശൈത്യകാല വസ്ത്രങ്ങൾ
panki,പാങ്കി
concerned,ബന്ധപ്പെട്ട
gloves belt,കയ്യുറകൾ ബെൽറ്റ്
ghonga,ഒച്ച
lipstic,ലിപ്സ്റ്റിക്ക്
jhumka,കമ്മലുകൾ
titliyaan,ചിത്രശലഭങ്ങൾ
shirtl pajama,ഷർട്ട് പൈജാമ
ship,കപ്പൽ
bandoo,ബാൻഡൂ
joots,മദ്യപിച്ചു
anaar,മാതളനാരകം
steering wheel,സ്റ്റിയറിംഗ് വീൽ
